,Year,EWC-STAT code,EWC-STAT description,Hazardous/Non-hazardous split,A,B,C10-C12,C13-C15,C16,C17_C18,C19,C20-C22,C23,C24_C25,C26-C30,C31-C33,D,E36_E37_E39,F,G-U_X_G4677,EP_HH,Total waste generation,Year,EWC-STAT code,EWC-STAT description,Hazardous/Non-hazardous split,Energy recovery,Incineration,Recovery other than energy recovery - Except backfilling,Recovery other than energy recovery - Backfilling,Deposit onto or into land,Land treatment and release into water bodies,Total waste sent to final treatment
0,2010,01.1,Spent solvents,Hazardous,0,0,13.697856766594976,9.1339285159817187,16.319213934567411,693.59193198380535,18.387391014146118,39262.057247601399,9.554548841856775,338.42625578163268,355.76631699286327,82.014550447813036,2.0124658314472947,0.45128912531333892,0,1046.5790031625825,0,41847.991999999998,2010,01.1,Spent solvents,Hazardous,0,0,8436.4869999999992,0,0,0,8436.4869999999992
1,2010,01.1,Spent solvents,Non-hazardous,z,z,z,z,z,z,z,z,z,z,z,z,z,z,z,z,z,z,2010,01.1,Spent solvents,Non-hazardous,z,z,z,z,z,z,z
3,2010,01.2,"Acid, alkaline or saline wastes",Hazardous,0,0,2583.0081880073662,1.5892666699683162,13.767553508758073,5728.7858308925606,1585.5468118834533,39123.843639733022,2025.8016642224352,20283.9037794043,3647.9817977845169,831.47481985331126,26.026658899350352,108.80273758014525,0,6832.2142515607911,0,82792.746999999974,2010,01.2,"Acid, alkaline or saline wastes",Hazardous,0,0,30.013999999999999,0,569.4,0,599.41399999999999
4,2010,01.2,"Acid, alkaline or saline wastes",Non-hazardous,0,0,2804.5710114636677,1.7255892771741481,14.948493639590309,6220.1841816845435,756.56013947096244,42479.771546399585,2199.5689556199331,15010.70678688404,3960.8949162124736,902.79627735966073,28.259148930798023,118.13551548226599,0,7418.2614375753155,0,81916.38400000002,2010,01.2,"Acid, alkaline or saline wastes",Non-hazardous,0,0,863.45500000000004,0,73192.47,0,74055.925000000003
6,2010,01.3,Used oils,Hazardous,21570.796028489436,1442,3709.4167191519955,47.053808899388088,53.66811423203869,2362.4770460622253,3690.5604770921364,31707.813218533727,12047.557541871141,14252.562015877375,5759.9764044889198,2483.9315554088516,19628.215044940851,17.354619870174865,0,46829.907433571112,6258.1129999999994,171861.40302848938,2010,01.3,Used oils,Hazardous,0,0,1472.0309999999995,0,239.09897435897437,1517.6688968992646,3228.7988712582383
7,2010,01.3,Used oils,Non-hazardous,z,z,z,z,z,z,z,z,z,z,z,z,z,z,z,z,z,z,2010,01.3,Used oils,Non-hazardous,z,z,z,z,z,z,z
9,2010,"01.4, 02, 03.1",Chemical wastes,Hazardous,103009.38743795808,740,449.33199417737359,1381.2254991209491,380.19825411526773,21297.426880673698,3920.6819654670035,299676.5115379176,2939.1912366746342,57277.964184780802,7163.5358302787272,1668.4197543607322,659.21213352629889,8.1898160147352268,0,58983.663912892,2159.6600000000003,561714.60043795791,2010,"01.4, 02, 03.1",Chemical wastes,Hazardous,0,5722,1999.105,0,2769.27,740,11230.375
10,2010,"01.4, 02, 03.1",Chemical wastes,Non-hazardous,0,8,103.41802901890424,1451.8612499496305,87.506241679973002,4901.8052124373171,2257.8582125318335,42665.180209416496,676.48279789873175,13386.196300429452,1648.7558553003455,384.0026635274038,192.74393784121398,1.8849639937658915,0,15447.370325974916,1673.9099999999999,84886.975999999981,2010,"01.4, 02, 03.1",Chemical wastes,Non-hazardous,0,0,74431.596000000005,0,38713.370923076924,8,113152.96692307692
12,2010,03.2,Industrial effluent sludges,Hazardous,0,1610.8200000000002,5902.8030229622627,123.20180271256831,1.8153063670639036,6897.1057241759354,126.70139066985577,2731.2841439068447,218.84190141068748,2139.564113370734,262.24436569316555,18.206329232368805,380.67060785045265,1055.9200337848165,0,1013.0719078632474,0,22482.250650000002,2010,03.2,Industrial effluent sludges,Hazardous,0,127039,0,0,2615.0700000000002,1610.8200000000002,131264.89000000001
13,2010,03.2,Industrial effluent sludges,Non-hazardous,0,42.660000000000004,43873.151025360654,1759.8613933055378,13.492439115734758,52596.529154787931,870.03275457542929,19535.851701460531,6147.8862739832248,16153.972127818963,1949.156462929411,135.32029256641204,4491.1079632814617,7848.2271782968392,0,7529.7543625179915,0,162947.00313000011,2010,03.2,Industrial effluent sludges,Non-hazardous,0,0,443.18718000000001,0,59610.425999999999,42.660000000000004,60096.273180000004
15,2010,03.3,Sludges & liquid wastes from waste treatment,Hazardous,0,0,0,0,0,0,0,0,0,0,0,0,0,0,0,0,0,0,2010,03.3,Sludges & liquid wastes from waste treatment,Hazardous,111552,1157,0,0,7715.6940000000004,0,120424.694
16,2010,03.3,Sludges & liquid wastes from waste treatment,Non-hazardous,0,0,0,0,0,0,0,0,0,0,0,0,0,0,0,0,0,0,2010,03.3,Sludges & liquid wastes from waste treatment,Non-hazardous,0,0,0,0,325621.28399999999,0,325621.28399999999
18,2010,05,Health care & biological wastes,Hazardous,21.324562535720496,2,0,0,0,0,0,0,0,0,0,0,0,0,0,152559.45799999998,0,152582.78256253569,2010,05,Health care & biological wastes,Hazardous,0,116701,0,0,0,2,116703
19,2010,05,Health care & biological wastes,Non-hazardous,1000.1036917538801,0,0,0,0,0,0,0,0,0,0,0,0,0,0,94268.847000000023,0,95268.950691753897,2010,05,Health care & biological wastes,Non-hazardous,0,3445,401.15499999999997,0,91081.54,0,94927.694999999992
21,2010,06.1,"Metallic wastes, ferrous",Hazardous,z,z,z,z,z,z,z,z,z,z,z,z,z,z,z,z,z,z,2010,06.1,"Metallic wastes, ferrous",Hazardous,z,z,z,z,z,z,z
22,2010,06.1,"Metallic wastes, ferrous",Non-hazardous,0,0,0,0,0,0,0,0,1434.64,158369.18800000005,0,0,0,0,1386051.9470000009,1441227.5370000002,11510.463999999994,2998593.776000001,2010,06.1,"Metallic wastes, ferrous",Non-hazardous,0,0,8471005.9630000014,0,2007.08,0,8473013.0430000015
24,2010,06.2,"Metallic wastes, non-ferrous",Hazardous,z,z,z,z,z,z,z,z,z,z,z,z,z,z,z,z,z,z,2010,06.2,"Metallic wastes, non-ferrous",Hazardous,z,z,z,z,z,z,z
25,2010,06.2,"Metallic wastes, non-ferrous",Non-hazardous,0,0,0,0,0,0,0,0,0,25829.88900000001,0,0,0,0,138511.32199999993,152135.42799999987,2089.9099999999989,318566.54899999982,2010,06.2,"Metallic wastes, non-ferrous",Non-hazardous,0,0,1807071.622,0,1184.6010000000001,0,1808256.223
27,2010,06.3,"Metallic wastes, mixed",Hazardous,z,z,z,z,z,z,z,z,z,z,z,z,z,z,z,z,z,z,2010,06.3,"Metallic wastes, mixed",Hazardous,z,z,z,z,z,z,z
28,2010,06.3,"Metallic wastes, mixed",Non-hazardous,954.03685442153096,4748,195.53910648701213,23.147801385329924,34.975924063820997,264.3251739583427,48.76702390041374,432.74509408187618,66.752849404818363,4234.320992310978,3141.1815015868883,305.33702586660939,176.68071085519571,5.0230938669381988,837615.50799999991,2334166.5849922374,313184.3383,3499597.2644444271,2010,06.3,"Metallic wastes, mixed",Non-hazardous,0,0,4627014.0140000004,0,1358.2597179487179,4748,4633120.2737179492
30,2010,07.1,Glass wastes,Hazardous,0,0,0,0,0,0,0,0,561.52,0,0,0,0,0,0,0,0,561.52,2010,07.1,Glass wastes,Hazardous,0,0,0,0,561.52,0,561.52
31,2010,07.1,Glass wastes,Non-hazardous,0,0,734.13174628993454,8.7093970976314168,22.02081887927357,21.35647996114519,1.8293846407140137E-2,348.20115742430079,4670.253571095478,10.32346518586677,46.498311593443354,11.47301166258484,0.85468952852069358,0,12627.262999999995,317335.32997196267,710729.13499999931,1046565.5689145266,2010,07.1,Glass wastes,Non-hazardous,0,0,1258655.0866190474,0,8261.84,0,1266916.9266190475
33,2010,07.2,Paper & cardboard wastes,Hazardous,z,z,z,z,z,z,z,z,z,z,z,z,z,z,z,z,z,z,2010,07.2,Paper & cardboard wastes,Hazardous,z,z,z,z,z,z,z
34,2010,07.2,Paper & cardboard wastes,Non-hazardous,5842.878917262462,0,44652.923424359797,4221.266601625488,1424.5032498999178,954493.19732372253,363.02514817164626,30345.093646953592,4692.8463245950725,9449.1796971179629,31794.04741944285,22406.200794116496,1224.4588749092336,489.32594979472276,0,3815687.1434852914,1233012.1499999994,6160098.2408572622,2010,07.2,Paper & cardboard wastes,Non-hazardous,53,0,3309029.8501251573,0,1853.4117948717949,0,3310936.2619200293
36,2010,07.3,Rubber wastes,Hazardous,z,z,z,z,z,z,z,z,z,z,z,z,z,z,z,z,z,z,2010,07.3,Rubber wastes,Hazardous,z,z,z,z,z,z,z
37,2010,07.3,Rubber wastes,Non-hazardous,21798.240000000002,0,0,0,0,0,0,0,0,0,0,0,0,0,0,140399.17599999998,8908.5810000000019,171105.99699999997,2010,07.3,Rubber wastes,Non-hazardous,89619,0,43135.040999999997,0,5686.79,0,138440.83100000001
39,2010,07.4,Plastic wastes,Hazardous,z,z,z,z,z,z,z,z,z,z,z,z,z,z,z,z,z,z,2010,07.4,Plastic wastes,Hazardous,z,z,z,z,z,z,z
40,2010,07.4,Plastic wastes,Non-hazardous,82291.27638520718,0,27127.347932425848,3049.0316553058724,1890.1657692535855,10831.442079869117,4052.2269550555702,68744.48527007697,2073.1571827262669,5961.2874471746591,18095.424318929079,15169.733836102543,559.37810045478659,1950.4112548293697,40917.660000000003,504482.38958865794,85559.912499999904,872755.33027606865,2010,07.4,Plastic wastes,Non-hazardous,0,0,790289.50394117646,0,48908.758794871799,0,839198.26273604832
42,2010,07.5,Wood wastes,Hazardous,0,0,28.884064739408522,3.1644598973508034,140.8135735717716,57.183123156668948,0.51233185193402453,45.568508148876958,6.9121074214785754,64.226025477591165,65.89716334419316,30.353433296201128,1.5896608971157524,0.87286061711794627,0,569.70868758029133,0,1015.6859999999999,2010,07.5,Wood wastes,Hazardous,0,0,0,0,40.380000000000003,0,40.380000000000003
43,2010,07.5,Wood wastes,Non-hazardous,0,0,24985.118880542886,2737.3019497545761,121805.70523665259,49636.419132637566,443.17419803437343,39417.395147826843,5979.0693310937859,55556.407876104626,57001.965440094573,26256.143177227339,1375.078848926609,755.03660864881795,484175.15599999984,1071971.8746724559,616691.53749999963,2558787.3840000001,2010,07.5,Wood wastes,Non-hazardous,157295,0,2489410.2709999997,0,60891.24,0,2707596.5109999999
45,2010,07.6,Textile wastes,Hazardous,z,z,z,z,z,z,z,z,z,z,z,z,z,z,z,z,z,z,2010,07.6,Textile wastes,Hazardous,z,z,z,z,z,z,z
46,2010,07.6,Textile wastes,Non-hazardous,0,0,1603.9031287926302,4660.7810997343167,0,134.29201758289358,0,138.555624623527,0.93374651363962102,57.237168454010025,29.341976004485559,200.18222721724837,14.29683011595392,0,0,2162.2721809612931,116472.30439999973,125474.10039999973,2010,07.6,Textile wastes,Non-hazardous,0,0,106542.28299999995,0,2243,0,108785.28299999995
48,2010,07.7,Waste containing PCB,Hazardous,0,0,0,0,0,0,0,0,0,0,3974.2220000000007,0,0,0,0,0,0,3974.2220000000007,2010,07.7,Waste containing PCB,Hazardous,0,0,0,0,5.52,0,5.52
49,2010,07.7,Waste containing PCB,Non-hazardous,z,z,z,z,z,z,z,z,z,z,z,z,z,z,z,z,z,z,2010,07.7,Waste containing PCB,Non-hazardous,z,z,z,z,z,z,z
51,2010,08*,Discarded equipment,Hazardous,9.3965284301397993,0,677.77809523979909,1152.7542343335658,26.240696513173081,2183.3756556149865,10.888444311036899,395.71439293124206,239.03475286904174,666.31717605469657,749.6216170592844,1901.8285155870262,140.72915763107088,36.641659492093332,0,45013.436602362985,275729.24579999968,328933.00332842983,2010,08*,Discarded equipment,Hazardous,0,0,68518.887000000002,0,2092.66,0,70611.547000000006
52,2010,08*,Discarded equipment,Non-hazardous,0,0,666.04037169495723,1132.7909002972747,25.786261583128983,2145.5640768399612,10.699878835029388,388.86143297345751,234.89516224713805,654.77793207405023,736.63971137942303,1868.8927546020693,138.29201786722595,36.007101260773901,0,57740.922398345516,0,65780.17,2010,08*,Discarded equipment,Non-hazardous,0,0,154460.77499999999,0,4109.67,0,158570.44500000001
54,2010,08.1,Discarded vehicles,Hazardous,0,0,0,0,0,0,0,0,0,0,0,0,0,0,0,879558.09800000046,306.96999999999991,879865.06800000044,2010,08.1,Discarded vehicles,Hazardous,0,0,0,0,0,0,0
55,2010,08.1,Discarded vehicles,Non-hazardous,0,0,0,0,0,0,0,0,0,0,0,0,0,0,0,320456.43199999997,0,320456.43199999997,2010,08.1,Discarded vehicles,Non-hazardous,0,0,315927.071,0,14.2,0,315941.27100000001
57,2010,08.41,Batteries & accumulators wastes,Hazardous,3109.5671487179484,0,2.916782639102323,1.488982950850593,1.1255781523414727,0.3797655960390286,4.9412461039691193E-2,39.420403011499786,0.48880146472131442,1.3352910768250035,153.35490218780569,3.2627693308893271,3.2552528663875782,0.65930497321368364,0,81254.243753289295,8757.1259999999984,93328.674148717968,2010,08.41,Batteries & accumulators wastes,Hazardous,0,0,3496.6559999999999,0,13.32,0,3509.9760000000001
58,2010,08.41,Batteries & accumulators wastes,Non-hazardous,0,0,1.8775105103935399,0.95844685254954476,0.72452598385625555,0.24445218800005702,3.1806420438303014E-2,25.374609676372117,0.31463773652755556,0.85951657746606025,98.713368907938644,2.1002194779998171,2.095381187715911,0.42438953118028255,0,1648.1971349495618,1166.7459999999987,2948.6619999999984,2010,08.41,Batteries & accumulators wastes,Non-hazardous,0,0,1422.4910000000002,0,79.477948717948721,0,1501.9689487179489
60,2010,09.1,Animal & mixed food waste,Hazardous,z,z,z,z,z,z,z,z,z,z,z,z,z,z,z,z,z,z,2010,09.1,Animal & mixed food waste,Hazardous,z,z,z,z,z,z,z
61,2010,09.1,Animal & mixed food waste,Non-hazardous,14347.7959252288,0,862881.02100000007,0,0,0,0,0,0,0,0,0,0,0,0,462583.21599999996,125299.12200000002,1465111.1549252288,2010,09.1,Animal & mixed food waste,Non-hazardous,74496,446736.565,613449.30799999996,0,48047.826000000001,0,1182729.699
63,2010,09.2,Vegetal wastes,Hazardous,z,z,z,z,z,z,z,z,z,z,z,z,z,z,z,z,z,z,2010,09.2,Vegetal wastes,Hazardous,z,z,z,z,z,z,z
64,2010,09.2,Vegetal wastes,Non-hazardous,0,0,186539.378,0,0,0,0,0,0,0,0,0,0,0,0,142257.837,3480700.8679000018,3809498.0829000017,2010,09.2,Vegetal wastes,Non-hazardous,0,45384,4247954.6330000004,0,139569.5,0,4432908.1330000004
66,2010,09.3,"Animal faeces, urine & manure",Hazardous,z,z,z,z,z,z,z,z,z,z,z,z,z,z,z,z,z,z,2010,09.3,"Animal faeces, urine & manure",Hazardous,z,z,z,z,z,z,z
67,2010,09.3,"Animal faeces, urine & manure",Non-hazardous,0,0,0,0,0,0,0,0,0,0,0,0,0,0,0,0,0,0,2010,09.3,"Animal faeces, urine & manure",Non-hazardous,0,307524,3988.35,0,2499.88,1643.0400000000002,315655.26999999996
69,2010,10.1,Household & similar wastes,Hazardous,z,z,z,z,z,z,z,z,z,z,z,z,z,z,z,z,z,z,2010,10.1,Household & similar wastes,Hazardous,z,z,z,z,z,z,z
70,2010,10.1,Household & similar wastes,Non-hazardous,477.78442263480366,0,493141.30651561881,50.093472001006276,35.24298087755151,164389.18992984988,16.038758016856711,493032.04184826592,51.756821115995365,328886.81378002634,164539.64515152347,114.63751346739586,47.592842942645618,3.1662596478044804,0,8102782.079926624,12965087.344600001,22712654.734822616,2010,10.1,Household & similar wastes,Non-hazardous,0,4027762,704270.8,0,10707229.747,477.78442263480366,15439740.331422633
72,2010,10.2,Mixed & undifferentiated materials,Hazardous,0,361,767.45625403007671,81.485515127620033,17.776355119625936,297.4380457690437,23.448186573252027,247.56139382334635,66.694815244558072,242.04183373469311,337.20739797475045,85.987902461991169,44.063872991038167,13.566157289499053,0,7438.8232698605016,0,10024.550999999998,2010,10.2,Mixed & undifferentiated materials,Hazardous,0,4619,2012.09,0,273.334,361,7265.424
73,2010,10.2,Mixed & undifferentiated materials,Non-hazardous,2986.1538461538457,2688,309397.24222951033,1654.8995983833317,359.93146912866484,154594.68478848814,478.91338210889825,1223717.4450381498,1350.42097621775,16974.466280053508,6827.6963042950438,1741.0628811227352,11045.428965415213,274.68437093996857,0,150464.34971618641,2339634.5399999982,4224189.919846152,2010,10.2,Mixed & undifferentiated materials,Non-hazardous,0,144087.60499999998,279749.18200000003,0,362359.43984615389,2688,788884.22684615385
75,2010,10.3,Sorting residues,Hazardous,0,0,0,0,0,0,0,0,0,0,0,0,0,0,0,0,0,0,2010,10.3,Sorting residues,Hazardous,0,0,87,0,52667.529000000002,0,52754.529000000002
76,2010,10.3,Sorting residues,Non-hazardous,0,0,0,0,0,0,0,0,0,0,0,0,0,0,0,0,0,0,2010,10.3,Sorting residues,Non-hazardous,204267,0,257202.8,0,9974489.0240000002,0,10435958.824000001
78,2010,11,Common sludges,Hazardous,z,z,z,z,z,z,z,z,z,z,z,z,z,z,z,z,z,z,2010,11,Common sludges,Hazardous,z,z,z,z,z,z,z
79,2010,11,Common sludges,Non-hazardous,0,0,13236.234613727045,0.11461239279390467,2.3372825143835225,1587.9002563579288,0.62241248002462046,90.385260375025211,20.051886674542985,47.515359681063181,69.702532237382059,7.5494078536567519,24.020037373104408,0,0,136969.79341870049,0,152056.22708036745,2010,11,Common sludges,Non-hazardous,0,182830,1014282.2536822407,18431.538020289834,33041.800000000003,0,1248585.5917025306
81,2010,12.1,Mineral waste from construction & demolition,Hazardous,0,0,0,0,0,0,0,0,0,0,0,0,0,0,345166.14806637587,0,0,345166.14806637587,2010,12.1,Mineral waste from construction & demolition,Hazardous,0,0,68335.052951012607,0,18421.62,0,86756.672951012602
82,2010,12.1,Mineral waste from construction & demolition,Non-hazardous,0,0,0,0,0,0,0,0,0,0,0,0,0,0,50727633.409700677,0,0,50727633.409700677,2010,12.1,Mineral waste from construction & demolition,Non-hazardous,0,0,46041073.513999999,620493.18911165977,1803251.09,0,48464817.79311166
84,2010,"12.2, 12.3, 12.5",Other mineral wastes,Hazardous,0,138,709.70711437627301,6.4736632778598036E-2,5.5290034889869517,0.59618186609020229,10.853182709429632,898.5145577949711,1491.2383688559023,1359.2121302072433,40.734126961506057,4.8854070720659895,114.85441674372682,75.020958357411359,0,1363.872814933615,0,6213.0830000000005,2010,"12.2, 12.3, 12.5",Other mineral wastes,Hazardous,0,0,230.27099999999999,0,226824.397,138,227192.66800000001
85,2010,"12.2, 12.3, 12.5",Other mineral wastes,Non-hazardous,0,12612044,49011.27564383953,0.44848305542457351,38.303882543204708,4.1302343575282929,75.188781586047213,93320.178631960516,104452.08557990839,73756.535952163395,282.19826913500413,33.845169213022885,795.68951209435181,519.73090321334723,0,9448.6509569302343,0,12943782.262,2010,"12.2, 12.3, 12.5",Other mineral wastes,Non-hazardous,0,0,66464.409,86776.816999999995,525013.99300000002,12612044,13290299.219000001
87,2010,12.4,Combustion wastes,Hazardous,0,0,0,0,0,0,0,0,14093.655000000001,7098.0199999999995,0,0,11199.847,0,0,0,0,32391.521999999997,2010,12.4,Combustion wastes,Hazardous,0,0,10191.521000000001,0,18090.900000000001,0,28282.421000000002
88,2010,12.4,Combustion wastes,Non-hazardous,0,0,0,0,0,0,0,0,812.58,225479.41200000001,0,0,2043142.1739999999,0,0,0,0,2269434.1659999997,2010,12.4,Combustion wastes,Non-hazardous,0,0,8375.7729999999992,0,2199105.8319999999,0,2207481.605
90,2010,12.6,Soils,Hazardous,0,0,0,0,0,0,445.185,0,0,0,0,0,0,0,220982.09911432557,0,0,221427.28411432556,2010,12.6,Soils,Hazardous,0,0,36903.685236549361,0,148153.07,0,185056.75523654936
91,2010,12.6,Soils,Non-hazardous,0,0,0,0,0,0,0,0,0,0,0,0,0,0,36313306.481932685,409213.14500000014,0,36722519.626932688,2010,12.6,Soils,Non-hazardous,0,0,9819431.4221176486,9919894.4940659106,14755931.891000001,0,34495257.807183564
93,2010,12.7,Dredging spoils,Hazardous,0,0,0,0,0,0,0,0,0,0,0,0,0,0,0,0,0,0,2010,12.7,Dredging spoils,Hazardous,0,0,316.78429319371725,0,14658.87,0,14975.654293193718
94,2010,12.7,Dredging spoils,Non-hazardous,0,0,0,0,0,0,0,0,0,0,0,0,0,0,11095337.729482433,0,0,11095337.729482433,2010,12.7,Dredging spoils,Non-hazardous,0,0,571.21308900523559,0,335460.47100000002,11095337.729482433,11431369.413571438
96,2010,"12.8, 13",Mineral waste from waste treatment & stabilised waste,Hazardous,20918.730376067157,0,0,0,0,0,0,0,0,0,0,0,0,0,0,0,0,20918.730376067157,2010,"12.8, 13",Mineral waste from waste treatment & stabilised waste,Hazardous,0,0,11.46,0,122533.34999999999,0,122544.81
97,2010,"12.8, 13",Mineral waste from waste treatment & stabilised waste,Non-hazardous,0,0,0,0,0,0,0,0,0,0,0,0,0,0,0,0,0,0,2010,"12.8, 13",Mineral waste from waste treatment & stabilised waste,Non-hazardous,6929,0,5544.0339999999997,325.113,1336778.648,0,1349576.7950000002
102,2012,01.1,Spent solvents,Hazardous,0,0,18.994378923807446,12.665725905283656,22.629330886842482,961.7817005302918,25.497205752263248,43831.792165254199,13.248986629122586,469.28484138906919,493.32974847346424,113.72694831139816,2.790621863337476,0.62578816499962608,0,1451.2575579159254,0,47417.625,2012,01.1,Spent solvents,Hazardous,0,0,31.32,0,11.58,0,42.9
103,2012,01.1,Spent solvents,Non-hazardous,z,z,z,z,z,z,z,z,z,z,z,z,z,z,z,z,z,z,2012,01.1,Spent solvents,Non-hazardous,z,z,z,z,z,z,z
105,2012,01.2,"Acid, alkaline or saline wastes",Hazardous,0,0,2805.9676586739847,1.7264486026967558,14.95593783403389,6223.2817687484821,3233.8553908412096,42500.926031054332,2200.6643180954084,16428.510962828266,3962.8674007074196,903.24586052125812,31.283221693212944,118.19434574096266,0,7421.9556546587246,0,85847.434999999998,2012,01.2,"Acid, alkaline or saline wastes",Hazardous,0,0,215.99900000000002,0,1220.9839999999999,0,1436.9829999999999
106,2012,01.2,"Acid, alkaline or saline wastes",Non-hazardous,0,0,2993.6913523910753,1.8419507567251827,15.956513833022704,6639.6292049209223,126.05530541763082,45344.305496346082,2347.8922567878672,16029.922192909831,4227.9895249315441,963.67444341941325,30.164745137228806,126.1017352257915,0,7918.4962779228617,0,86765.721000000005,2012,01.2,"Acid, alkaline or saline wastes",Non-hazardous,0,0,728.37199999999996,0,75310.240000000005,0,76038.612000000008
108,2012,01.3,Used oils,Hazardous,22067.114677993137,4639.0839999999998,4554.6123518191662,57.775083103169152,65.8964668806383,2900.7706465894553,3251.8215985135744,38932.481483860807,14792.609874795267,17499.564165892683,7072.3948438097341,3049.8987306890886,24100.530475930929,21.308893555613995,0,57500.165384559863,5053.006999999996,205559.03567799309,2012,01.3,Used oils,Hazardous,101054,1285,2531.0169999999998,0,402.56,0,105272.57699999999
109,2012,01.3,Used oils,Non-hazardous,z,z,z,z,z,z,z,z,z,z,z,z,z,z,z,z,z,z,2012,01.3,Used oils,Non-hazardous,z,z,z,z,z,z,z
111,2012,"01.4, 02, 03.1",Chemical wastes,Hazardous,95280.942207814092,553.56699999999989,469.95531152365021,1429.8139485170918,397.20023544894377,22250.843887094674,3714.6357055246926,331755.27863035572,3071.02427191067,59947.747014909015,7484.5794100381609,1743.1885024035041,688.69170482824586,8.578449345249421,0,61011.139928100143,2002.552000000001,591809.73820781393,2012,"01.4, 02, 03.1",Chemical wastes,Hazardous,0,128680,9917.9269999999997,0,3982.252,0,142580.179
112,2012,"01.4, 02, 03.1",Chemical wastes,Non-hazardous,0,12.828999999999999,456.09746873569037,2199.7108330190949,219.48685162245101,12294.914884804346,2799.0387751555768,69366.508986368732,1696.7827281459047,33007.183990813079,4135.4790792800741,963.17170083142423,380.56038967275174,4.727946309549294,0,33696.156365241353,2921.8219999999992,164154.47100000002,2012,"01.4, 02, 03.1",Chemical wastes,Non-hazardous,0,0,104181.984,0,24047.879000000008,0,128229.86300000001
114,2012,03.2,Industrial effluent sludges,Hazardous,0,15259.251,5175.4373607832467,104.28363912596379,1.591617466621043,6047.2183312426841,225.46341440062486,2543.6491211950747,191.87537653887875,1993.1090146120164,229.92962539722379,15.962876644431113,341.51146514769749,925.80558280377227,0,888.23736464175954,0,33943.325789999988,2012,03.2,Industrial effluent sludges,Hazardous,0,0,14.39748,0,1103.3058600000002,0,1117.7033400000003
115,2012,03.2,Industrial effluent sludges,Non-hazardous,0,6.202,60992.470488040817,1194.5388119218837,18.757193758488995,75032.008318808425,1236.2871349813886,24805.836886190478,6409.4859322198454,20497.025420909828,2709.7180226028427,188.12231986754344,4334.5700681263515,10910.608273360847,0,10467.867249211331,0,218803.49812000006,2012,03.2,Industrial effluent sludges,Non-hazardous,0,0,7194.7491300000011,190.55520000000001,11838.150809999999,0,19223.455139999998
117,2012,03.3,Sludges & liquid wastes from waste treatment,Hazardous,0,0,0,0,0,0,0,0,0,0,0,0,0,0,0,0,0,0,2012,03.3,Sludges & liquid wastes from waste treatment,Hazardous,0,0,8.3700000000000011E-2,0,3646.2420000000002,0,3646.3257000000003
118,2012,03.3,Sludges & liquid wastes from waste treatment,Non-hazardous,0,0,0,0,0,0,0,0,0,0,0,0,0,0,0,0,0,0,2012,03.3,Sludges & liquid wastes from waste treatment,Non-hazardous,0,0,373.61520000000002,67.753799999999998,87566.451300000001,0,88007.820300000007
120,2012,05,Health care & biological wastes,Hazardous,20.471424609679627,3.763999999999998,0,0,0,0,0,0,0,0,0,0,0,0,0,130152.99300000002,0,130177.2284246097,2012,05,Health care & biological wastes,Hazardous,0,106892,8.44,0,0,0,106900.44
121,2012,05,Health care & biological wastes,Non-hazardous,994.67710859692534,0,0,0,0,0,0,0,0,0,0,0,0,0,0,106769.46400000005,0,107764.14110859697,2012,05,Health care & biological wastes,Non-hazardous,0,0,111.35,0,104827.69500000001,0,104939.04500000001
123,2012,06.1,"Metallic wastes, ferrous",Hazardous,z,z,z,z,z,z,z,z,z,z,z,z,z,z,z,z,z,z,2012,06.1,"Metallic wastes, ferrous",Hazardous,z,z,z,z,z,z,z
124,2012,06.1,"Metallic wastes, ferrous",Non-hazardous,0,0,0,0,0,0,0,0,0,218415.57100000003,0,0,0,0,1204832.6620000005,1098686.142,10721.123000000001,2532655.4980000006,2012,06.1,"Metallic wastes, ferrous",Non-hazardous,0,0,8555183.762000002,229660.92,1800.7260000000001,0,8786645.4080000017
126,2012,06.2,"Metallic wastes, non-ferrous",Hazardous,z,z,z,z,z,z,z,z,z,z,z,z,z,z,z,z,z,z,2012,06.2,"Metallic wastes, non-ferrous",Hazardous,z,z,z,z,z,z,z
127,2012,06.2,"Metallic wastes, non-ferrous",Non-hazardous,0,0,0,0,0,0,0,0,0,35310.919000000009,0,0,0,0,271750.11699999979,135013.93100000007,2755.8810000000003,444830.84799999982,2012,06.2,"Metallic wastes, non-ferrous",Non-hazardous,0,5140,1511666.5899999999,2823.33,1580.81,0,1521210.73
129,2012,06.3,"Metallic wastes, mixed",Hazardous,z,z,z,z,z,z,z,z,z,z,z,z,z,z,z,z,z,z,2012,06.3,"Metallic wastes, mixed",Hazardous,z,z,z,z,z,z,z
130,2012,06.3,"Metallic wastes, mixed",Non-hazardous,4254.2976792186528,3183.4359999999997,638.83922627253571,75.625401959667386,114.26866302359051,863.56786961751288,159.3251006198285,1413.8069158808587,218.08598510750446,13833.807441976689,10262.448244278221,997.55630912601146,577.22759732213353,16.410780723610699,507480.92900000006,2471560.1459280867,254269.18100000001,3269918.9591432135,2012,06.3,"Metallic wastes, mixed",Non-hazardous,0,0,3885315.5700000003,0,338.42599999999999,0,3885653.9960000003
132,2012,07.1,Glass wastes,Hazardous,0,0,0,0,0,0,0,0,4024.4490000000001,0,0,0,0,0,0,0,0,4024.4490000000001,2012,07.1,Glass wastes,Hazardous,0,0,0,0,4020.54,0,4020.54
133,2012,07.1,Glass wastes,Non-hazardous,0,0,2323.6963607321591,27.567251303616359,69.700972541652348,67.598186585113723,5.7904244755649335E-2,1102.1370025183817,25391.976499354267,32.676149211329452,147.17788459076164,36.314729041096555,2.7052895573801594,0,82377.372999999992,387773.24698609614,576669.53400000022,1076021.7622157768,2012,07.1,Glass wastes,Non-hazardous,0,0,1284459.5864883719,210.9,36182.512999999999,0,1320852.9994883719
135,2012,07.2,Paper & cardboard wastes,Hazardous,z,z,z,z,z,z,z,z,z,z,z,z,z,z,z,z,z,z,2012,07.2,Paper & cardboard wastes,Hazardous,z,z,z,z,z,z,z
136,2012,07.2,Paper & cardboard wastes,Non-hazardous,5678.3183615629359,0,52533.397863886879,4966.2476914502013,1675.9036194384439,951804.00988729694,427.09285486767669,35700.481749480765,5521.0531400401078,11116.797702102011,37405.150989009941,26360.510592982213,1440.5548463705388,575.68357980492203,0,3804527.0164912688,1096804.3229999992,6036536.5423695613,2012,07.2,Paper & cardboard wastes,Non-hazardous,0,0,4248169.3450000007,0,4104.4160000000002,0,4252273.7610000009
138,2012,07.3,Rubber wastes,Hazardous,z,z,z,z,z,z,z,z,z,z,z,z,z,z,z,z,z,z,2012,07.3,Rubber wastes,Hazardous,z,z,z,z,z,z,z
139,2012,07.3,Rubber wastes,Non-hazardous,10695.843824189926,0,0,0,0,0,0,0,0,0,0,0,0,0,0,173011.215,7429.5330000000049,191136.59182418991,2012,07.3,Rubber wastes,Non-hazardous,118604,0,20831.021999999997,0,1837.9,0,141272.92199999999
141,2012,07.4,Plastic wastes,Hazardous,z,z,z,z,z,z,z,z,z,z,z,z,z,z,z,z,z,z,2012,07.4,Plastic wastes,Hazardous,z,z,z,z,z,z,z
142,2012,07.4,Plastic wastes,Non-hazardous,82293.320531893623,0,37923.08353034356,4262.4396029739819,2642.3856298874766,15141.977157964757,5664.8715415631859,96030.589922951578,2898.2012251217266,8333.6713331039155,25296.770243562529,21206.757285401596,781.99101812068625,2726.6067114140501,37622.37000000001,539986.58246741712,98444.751000000004,981256.36920171988,2012,07.4,Plastic wastes,Non-hazardous,0,0,366880.85047826089,220,115847.954,0,482948.80447826092
144,2012,07.5,Wood wastes,Hazardous,0,0,1.2171458214907804,0.13334719943625725,5.9337442367737907,2.4096400571686827,2.1589155765439561E-2,1.9202117079214776,0.2912693466674573,2.7064209710884097,2.7768410622293378,1.2790635541667486,6.6986732510396135E-2,3.6781480115555501E-2,0,24.006958674665665,0,42.8,2012,07.5,Wood wastes,Hazardous,0,0,0,0,22.92,0,22.92
145,2012,07.5,Wood wastes,Non-hazardous,0,0,24687.462969222695,2704.6915743423847,120354.59394238341,49180.895914056826,437.89451854114344,38947.802798449178,5907.8387182196866,54894.546177743206,56322.882340621065,25943.345136820291,1358.6970838499135,746.04161002976059,414777.06900000019,1047007.8212157201,627005.68600000057,2470277.2690000003,2012,07.5,Wood wastes,Non-hazardous,202155,0,2155236.4740000004,62166.799999999996,19800.094000000001,0,2439358.3680000002
147,2012,07.6,Textile wastes,Hazardous,z,z,z,z,z,z,z,z,z,z,z,z,z,z,z,z,z,z,2012,07.6,Textile wastes,Hazardous,z,z,z,z,z,z,z
148,2012,07.6,Textile wastes,Non-hazardous,0,0,317.59705857482726,3439.3094459219392,0,26.5918489768844,0,27.43610760492475,0.1848959209959776,11.333824353737368,5.8101546811076936,39.639106253888833,2.830988424587102,0,0,428.16256928710766,89555.488999999929,93854.384999999922,2012,07.6,Textile wastes,Non-hazardous,0,0,391932.74900000001,0,3659.7750000000001,0,395592.52400000003
150,2012,07.7,Waste containing PCB,Hazardous,0,0,0,0,0,0,0,0,0,0,4617.4309999999987,0,0,0,0,0,0,4617.4309999999987,2012,07.7,Waste containing PCB,Hazardous,0,0,5296.9010000000007,0,0,0,5296.9010000000007
151,2012,07.7,Waste containing PCB,Non-hazardous,z,z,z,z,z,z,z,z,z,z,z,z,z,z,z,z,z,z,2012,07.7,Waste containing PCB,Non-hazardous,z,z,z,z,z,z,z
153,2012,08*,Discarded equipment,Hazardous,9.0781349857541009,0,406.10782715915212,690.70175126873482,15.722774635166029,1308.2245496002349,6.5240858200561291,237.10225133795856,143.22369634685012,399.24072859076011,449.15468386119665,1139.5284850878888,84.321421457670155,21.954773729556443,0,26970.934971104776,254813.13199999998,286694.95213498571,2012,08*,Discarded equipment,Hazardous,0,0,56450.41,0,491.995,0,56942.405000000006
154,2012,08*,Discarded equipment,Non-hazardous,0,0,1266.4753167977233,2154.0011315960164,49.032558978991226,4079.7886425572624,20.345812375916218,739.41975208228189,446.65299231657536,1245.0597954675295,1400.7199135104645,3553.6983102424538,262.96217854374459,68.467478720782154,0,99563.634116810135,0,114850.25799999987,2012,08*,Discarded equipment,Non-hazardous,0,0,226628.4,0,60.06,0,226688.46
156,2012,08.1,Discarded vehicles,Hazardous,0,0,0,0,0,0,0,0,0,0,0,0,0,0,0,765615.8199999975,320.21999999999969,765936.03999999748,2012,08.1,Discarded vehicles,Hazardous,0,0,0,0,0,0,0
157,2012,08.1,Discarded vehicles,Non-hazardous,0,0,0,0,0,0,0,0,0,0,0,0,0,0,0,426644.72299999947,0,426644.72299999947,2012,08.1,Discarded vehicles,Non-hazardous,0,0,0,0,0,0,0
159,2012,08.41,Batteries & accumulators wastes,Hazardous,3176.1582871794867,0,2.5924553306061449,1.3234177056478533,1.0004211633505613,0.33753812527326332,4.3918115907375314E-2,35.037109914113159,0.43444991266639554,1.1868153710251019,136.30283186741565,2.899970546658738,2.8932898642507858,0.58599453705915816,0,75136.838787545974,6642.3820000000005,85140.017287179435,2012,08.41,Batteries & accumulators wastes,Hazardous,0,0,77795.46100000001,0,14.24,0,77809.701000000015
160,2012,08.41,Batteries & accumulators wastes,Non-hazardous,0,0,3.3737872895662346,1.7222784058762111,1.3019349515025311,0.43926767931028987,5.7154458740608517E-2,45.596834281318863,0.56538740552352718,1.5445059232284362,177.3827136989284,3.7739835494662568,3.7652893971977557,0.76260558766240671,0,2961.7232573716778,0,3202.0089999999996,2012,08.41,Batteries & accumulators wastes,Non-hazardous,0,0,923,0,0,0,923
162,2012,09.1,Animal & mixed food waste,Hazardous,z,z,z,z,z,z,z,z,z,z,z,z,z,z,z,z,z,z,2012,09.1,Animal & mixed food waste,Hazardous,z,z,z,z,z,z,z
163,2012,09.1,Animal & mixed food waste,Non-hazardous,14169.243633082981,12,870543.35400000005,0,0,0,0,0,0,0,0,0,0,0,0,658923.29200000013,232710.23799999995,1776358.1276330831,2012,09.1,Animal & mixed food waste,Non-hazardous,121445,253006,721302.25800000003,0,89510.587,0,1185263.845
165,2012,09.2,Vegetal wastes,Hazardous,z,z,z,z,z,z,z,z,z,z,z,z,z,z,z,z,z,z,2012,09.2,Vegetal wastes,Hazardous,z,z,z,z,z,z,z
166,2012,09.2,Vegetal wastes,Non-hazardous,0,0,225526.75299999997,0,0,0,0,0,0,0,0,0,0,0,0,80902.228999999978,3743378.6419999977,4049807.6239999975,2012,09.2,Vegetal wastes,Non-hazardous,43114,0,3420307.3259999994,1014.54,99813.123999999996,0,3564248.9899999993
168,2012,09.3,"Animal faeces, urine & manure",Hazardous,z,z,z,z,z,z,z,z,z,z,z,z,z,z,z,z,z,z,2012,09.3,"Animal faeces, urine & manure",Hazardous,z,z,z,z,z,z,z
169,2012,09.3,"Animal faeces, urine & manure",Non-hazardous,0,0,0,0,0,0,0,0,0,0,0,0,0,0,0,0,0,0,2012,09.3,"Animal faeces, urine & manure",Non-hazardous,293020,0,12564.78,175.22,2668.96,0,308428.96000000002
171,2012,10.1,Household & similar wastes,Hazardous,z,z,z,z,z,z,z,z,z,z,z,z,z,z,z,z,z,z,2012,10.1,Household & similar wastes,Hazardous,z,z,z,z,z,z,z
172,2012,10.1,Household & similar wastes,Non-hazardous,776.98983050043012,0,451465.87338419684,325.88786117383643,229.27657438767596,150545.57720611687,104.34167042550294,450755.04166654771,336.70893753001906,301796.58162584773,151524.37800460515,745.78528063349324,309.61978026696835,20.598404209700199,0,7332990.0820040479,12327236.617000002,21169163.359230492,2012,10.1,Household & similar wastes,Non-hazardous,0,5131633,377591.56700000004,5686.3,8049620.318,0,13564531.184999999
174,2012,10.2,Mixed & undifferentiated materials,Hazardous,0,512.47200000000009,1062.7287577874304,112.83639922732425,24.615662058997231,411.87489611162755,32.469684178745972,342.80861111296537,92.355098787081658,335.16544551786467,466.94518063357145,119.07104318756043,61.017086982046933,18.785625120012654,0,10344.66850929477,0,13937.813999999998,2012,10.2,Mixed & undifferentiated materials,Hazardous,0,0,507.30500000000006,0,1254.5,0,1761.8050000000001
175,2012,10.2,Mixed & undifferentiated materials,Non-hazardous,8946.5831326966254,2542.7280000000005,82588.967621138305,680.51669354311161,148.45713855167881,115860.18284830282,195.82477169617556,2075464.5468571223,564.87290346384611,4779.6189003689897,2816.1479147386676,718.11785170033716,367.9942515623971,113.29616666565606,0,62060.444081145746,2594935.6460000044,4952783.9451327007,2012,10.2,Mixed & undifferentiated materials,Non-hazardous,64645,0,142694.15299999999,0,316732.40899999999,0,524071.56199999998
177,2012,10.3,Sorting residues,Hazardous,0,0,0,0,0,0,0,0,0,0,0,0,0,0,0,0,0,0,2012,10.3,Sorting residues,Hazardous,0,0,2.895,0,74214.315000000002,0,74217.210000000006
178,2012,10.3,Sorting residues,Non-hazardous,0,0,0,0,0,0,0,0,0,0,0,0,0,0,0,0,0,0,2012,10.3,Sorting residues,Non-hazardous,274854,0,494778.36800000002,49583.47,8196130.0700000003,0,9015345.9079999998
180,2012,11,Common sludges,Hazardous,z,z,z,z,z,z,z,z,z,z,z,z,z,z,z,z,z,z,2012,11,Common sludges,Hazardous,z,z,z,z,z,z,z
181,2012,11,Common sludges,Non-hazardous,0,0,31391.465275687366,0.19088890466895325,3.8927840890195209,3369.5763453229033,1.0366386537085299,150.53820036923864,33.396760948289476,79.137645968000982,116.09076215145451,12.573668178057368,40.00578395134135,933342.35136873228,0,187156.53834863182,0,1155696.794471588,2012,11,Common sludges,Non-hazardous,29582,161204,751207.03788449045,3140.73,1790.326,0,946924.09388449043
183,2012,12.1,Mineral waste from construction & demolition,Hazardous,0,0,0,0,0,0,0,0,0,0,0,0,0,0,266701.93275500002,0,0,266701.93275500002,2012,12.1,Mineral waste from construction & demolition,Hazardous,0,0,0,0,78185.03,0,78185.03
184,2012,12.1,Mineral waste from construction & demolition,Non-hazardous,0,0,0,0,0,0,0,0,0,0,0,0,0,0,47971815.615248226,0,0,47971815.615248226,2012,12.1,Mineral waste from construction & demolition,Non-hazardous,0,0,43398523.798,658030.25,1881115.2919999999,0,45937669.340000004
186,2012,"12.2, 12.3, 12.5",Other mineral wastes,Hazardous,21292.984340558054,0,1060.9997428469392,9.6780135551034499E-2,8.2657636667071657,0.89128147907553279,16.225318628651276,1343.2635737384778,2138.0146689754138,2983.3760517469955,60.896808494354019,7.3035982621085651,171.70534740521319,112.15502270298992,0,2038.9660419175234,0,31235.144340558054,2012,"12.2, 12.3, 12.5",Other mineral wastes,Hazardous,0,0,759.18100000000004,9241.94,214644.32900000006,0,224645.45000000007
187,2012,"12.2, 12.3, 12.5",Other mineral wastes,Non-hazardous,0,11751929.467,18238.71553831522,0.50499499651679702,43.130434466857224,4.6506722155177158,84.663083779614425,101356.82726855567,66625.824615207646,144270.28011813867,317.75718662094442,38.109892675121131,895.95184818775761,585.22056181013772,0,10639.245785030324,0,12095030.349000001,2012,"12.2, 12.3, 12.5",Other mineral wastes,Non-hazardous,0,0,11167.880000000001,141228.09999999998,541184.16199999978,11751923.5,12445503.641999999
189,2012,12.4,Combustion wastes,Hazardous,0,0,0,0,0,0,0,0,1496.64,12632.916000000001,0,0,15303.470000000001,0,0,0,0,29433.026000000002,2012,12.4,Combustion wastes,Hazardous,0,0,3329.0770000000002,0,11589.33,0,14918.406999999999
190,2012,12.4,Combustion wastes,Non-hazardous,0,0,0,0,0,0,0,0,304.09999999999997,243761.98200000002,0,0,3371428.3419999992,0,0,0,0,3615494.4239999992,2012,12.4,Combustion wastes,Non-hazardous,0,0,6803.5750000000007,371806.95500000002,3227790.0440000002,0,3606400.574
192,2012,12.6,Soils,Hazardous,0,0,0,0,0,0,1631.6799999999998,0,0,0,0,0,0,0,476949.57574878214,0,0,478581.25574878213,2012,12.6,Soils,Hazardous,0,0,133098.33866659444,0,316932.4279999999,0,450030.76666659431
193,2012,12.6,Soils,Non-hazardous,0,0,0,0,0,0,0,0,0,0,0,0,0,0,37924507.769544132,407415.20999999979,0,38331922.979544133,2012,12.6,Soils,Non-hazardous,0,0,9193463.1993823536,10457623.874999998,16051977.626000004,0,35703064.700382352
195,2012,12.7,Dredging spoils,Hazardous,0,0,0,0,0,0,0,0,0,0,0,0,0,0,0,0,0,0,2012,12.7,Dredging spoils,Hazardous,0,0,79.637172774869114,3562.303664921466,180.73298429319371,0,3822.6738219895287
196,2012,12.7,Dredging spoils,Non-hazardous,0,0,0,0,0,0,0,0,0,0,0,0,0,0,10941168.871727748,0,0,10941168.871727748,2012,12.7,Dredging spoils,Non-hazardous,0,0,1397.8743455497383,806.64921465968587,188989.23036649215,10941168.871727748,11132362.62565445
198,2012,"12.8, 13",Mineral waste from waste treatment & stabilised waste,Hazardous,0,0,0,0,0,0,0,0,0,0,0,0,0,0,0,0,0,0,2012,"12.8, 13",Mineral waste from waste treatment & stabilised waste,Hazardous,0,0,400.74,0,179152.61399999997,0,179553.35399999996
199,2012,"12.8, 13",Mineral waste from waste treatment & stabilised waste,Non-hazardous,0,0,0,0,0,0,0,0,0,0,0,0,0,0,0,0,0,0,2012,"12.8, 13",Mineral waste from waste treatment & stabilised waste,Non-hazardous,0,0,10749.96,25327.5,1306715.0540000002,0,1342792.5140000002
204,2014,01.1,Spent solvents,Hazardous,0,0,18.065464014482792,12.046312041949024,21.522649645347322,914.74602936031181,24.250271874382712,40845.23233988203,12.601048559517732,446.33459449576458,469.20359197165834,108.16516299047672,2.6541472639025652,0.59518416584393552,0,1380.284203734363,0,44255.70100000003,2014,01.1,Spent solvents,Hazardous,0,0,0,0,15.5,0,15.5
205,2014,01.1,Spent solvents,Non-hazardous,z,z,z,z,z,z,z,z,z,z,z,z,z,z,z,z,z,z,2014,01.1,Spent solvents,Non-hazardous,z,z,z,z,z,z,z
207,2014,01.2,"Acid, alkaline or saline wastes",Hazardous,0,0,2601.9313437611236,1.6009096608305586,13.868414807070636,5770.7549996552534,1884.6937852994595,39410.465490301562,2040.6427168355419,14253.677845685434,3674.7069657754091,837.56621654127514,38.487330583005466,109.59982802655713,0,6882.2671530674888,0,77520.263000000021,2014,01.2,"Acid, alkaline or saline wastes",Hazardous,0,0,516.41200000000003,0,1242.3699999999999,0,1758.7819999999999
208,2014,01.2,"Acid, alkaline or saline wastes",Non-hazardous,0,0,2208.8375644955536,1.3590479259513537,11.773206721735976,4901.6426596246747,134.34646575658283,33456.423367190007,1732.3471272478066,11848.654852354242,3119.5407226945586,711.02864658008957,22.256476817267295,93.041739086539636,0,5842.5101235050006,0,64083.762000000017,2014,01.2,"Acid, alkaline or saline wastes",Non-hazardous,0,0,1074.289,0,35300.671999999999,0,36374.960999999996
210,2014,01.3,Used oils,Hazardous,20590.607346752473,1178.7669999999998,4656.6230891213118,59.069085395744715,67.372365739388684,2965.7398974379544,3455.1311354355566,39804.461541523553,15123.923480298516,17715.790182415174,7230.7969550719063,3118.2080387447345,24640.31579536444,21.786153918251202,0,58788.010279533497,4613.840000000002,204030.44234675253,2014,01.3,Used oils,Hazardous,0,0,3600.9582696616935,0,365.67,0,3966.6282696616936
211,2014,01.3,Used oils,Non-hazardous,z,z,z,z,z,z,z,z,z,z,z,z,z,z,z,z,z,z,2014,01.3,Used oils,Non-hazardous,z,z,z,z,z,z,z
213,2014,"01.4, 02, 03.1",Chemical wastes,Hazardous,105708.13654654392,491.1169999999999,447.74031455741925,1360.3967400387385,378.41018184286997,21198.272405033498,4190.5938800140266,542102.45743444155,2925.7582127741234,56949.563626930787,7130.5342400310901,1660.7298461906123,656.11229705357835,8.1733463975158003,0,58439.763474694264,2612.9659999999994,806260.72554654395,2014,"01.4, 02, 03.1",Chemical wastes,Hazardous,0,133662,3101.8303969371364,0,2761.654,0,139525.48439693716
214,2014,"01.4, 02, 03.1",Chemical wastes,Non-hazardous,0,5.2939999999999996,154.94450111421091,1753.2192880128157,107.29449619060354,6015.2766453664799,1016.7597131591856,30418.148348300521,829.45947156094007,16172.298885929484,2021.597836217491,470.83923989906793,186.03408349159176,2.3112209845349363,0,17946.869269773077,4258.6919999999991,81359.039000000004,2014,"01.4, 02, 03.1",Chemical wastes,Non-hazardous,0,0,12445.710254572488,0,20160.310000000001,0,32606.02025457249
216,2014,03.2,Industrial effluent sludges,Hazardous,0,14216.834999999999,5004.924013356992,95.1464491602122,1.5391789956017403,5847.982717245889,166.92212806019015,2815.4112037548216,643.43052477081142,1871.5629291224191,222.35421343377726,15.436953260289835,323.06012791647998,895.30338598732897,0,858.97291493519015,0,32978.881739999997,2014,03.2,Industrial effluent sludges,Hazardous,0,0,12.262320000000001,0,22085.597000000002,0,22097.859320000003
217,2014,03.2,Industrial effluent sludges,Non-hazardous,0,555.78600000000006,68728.065476050906,2207.4076439268651,21.136144026715161,86745.227917346769,1350.2573548720698,27194.31788031659,5908.0931920897292,23409.36299365995,3053.3880032880338,211.98162681241519,5566.8713107344311,12294.386402041506,0,11795.49311483406,0,249041.77506000007,2014,03.2,Industrial effluent sludges,Non-hazardous,0,0,6715.4271400000007,79.671599999999998,69478.517999999996,0,76273.616739999998
219,2014,03.3,Sludges & liquid wastes from waste treatment,Hazardous,0,0,0,0,0,0,0,0,0,0,0,0,0,0,0,0,0,0,2014,03.3,Sludges & liquid wastes from waste treatment,Hazardous,90827.9,0,0,0,12329.98,0,103157.87999999999
220,2014,03.3,Sludges & liquid wastes from waste treatment,Non-hazardous,0,0,0,0,0,0,0,0,0,0,0,0,0,0,0,0,0,0,2014,03.3,Sludges & liquid wastes from waste treatment,Non-hazardous,0,0,324.5994,89.286299999999997,355711.53899999999,0,356125.42469999997
222,2014,05,Health care & biological wastes,Hazardous,20.887948989772561,2.0119999999999996,0,0,0,0,0,0,0,0,0,0,0,0,0,134674.69200000001,0,134697.59194898978,2014,05,Health care & biological wastes,Hazardous,0,101447,0,0,0,0,101447
223,2014,05,Health care & biological wastes,Non-hazardous,1003.6764633212803,0,0,0,0,0,0,0,0,0,0,0,0,0,0,128256.91100000011,0,129260.58746332138,2014,05,Health care & biological wastes,Non-hazardous,0,37.24,14.74,0,122488.59,0,122540.56999999999
225,2014,06.1,"Metallic wastes, ferrous",Hazardous,z,z,z,z,z,z,z,z,z,z,z,z,z,z,z,z,z,z,2014,06.1,"Metallic wastes, ferrous",Hazardous,z,z,z,z,z,z,z
226,2014,06.1,"Metallic wastes, ferrous",Non-hazardous,0,0,0,0,0,0,0,0,0,478099.38599999988,0,0,0,0,1216652.8259999999,754427.23200000019,9668.7769999999982,2458848.2209999999,2014,06.1,"Metallic wastes, ferrous",Non-hazardous,0,0,8312312.3259999994,1425,23470.210999999999,0,8337207.5369999995
228,2014,06.2,"Metallic wastes, non-ferrous",Hazardous,z,z,z,z,z,z,z,z,z,z,z,z,z,z,z,z,z,z,2014,06.2,"Metallic wastes, non-ferrous",Hazardous,z,z,z,z,z,z,z
229,2014,06.2,"Metallic wastes, non-ferrous",Non-hazardous,0,0,0,0,0,0,0,0,0,47918.61,0,0,0,0,336299.94300000032,136036.60699999999,2717.0429999999997,522972.20300000027,2014,06.2,"Metallic wastes, non-ferrous",Non-hazardous,0,0,1659529.4580000001,0,199.52,0,1659728.9780000001
231,2014,06.3,"Metallic wastes, mixed",Hazardous,z,z,z,z,z,z,z,z,z,z,z,z,z,z,z,z,z,z,2014,06.3,"Metallic wastes, mixed",Hazardous,z,z,z,z,z,z,z
232,2014,06.3,"Metallic wastes, mixed",Non-hazardous,4449.4132658451108,2117.9779999999996,1308.4080466944533,154.88855472428148,234.0339040503755,1768.6752832430379,326.31409456133616,2895.6211033002901,446.66239337065082,28333.051930944112,21018.543178609831,2043.0973055722723,1182.2211317815786,33.610956666819135,399212.48299999983,2256221.919580488,260138.07899999982,2981885.0007298519,2014,06.3,"Metallic wastes, mixed",Non-hazardous,0,0,3504729.7620000001,41.7,2713.1410000000001,0,3507484.6030000001
234,2014,07.1,Glass wastes,Hazardous,0,0,0,0,0,0,0,0,19608.181000000004,0,0,0,0,0,0,0,0,19608.181000000004,2014,07.1,Glass wastes,Hazardous,0,0,0,0,19606.62,0,19606.62
235,2014,07.1,Glass wastes,Non-hazardous,0,0,1926.3074628434374,22.852814512953309,57.781001788084545,56.03782554987481,4.8001701378907947E-2,913.65411114131723,11595.577668128632,27.088009925245515,122.00813421395766,30.104334948891701,2.2426421763176707,0,82747.394999999873,359608.88277066615,486778.84399999998,943888.82377759612,2014,07.1,Glass wastes,Non-hazardous,0,0,1195327.6068181817,164.23,59098.987000000001,0,1254590.8238181816
237,2014,07.2,Paper & cardboard wastes,Hazardous,z,z,z,z,z,z,z,z,z,z,z,z,z,z,z,z,z,z,2014,07.2,Paper & cardboard wastes,Hazardous,z,z,z,z,z,z,z
238,2014,07.2,Paper & cardboard wastes,Non-hazardous,5629.0133970771349,0,51794.146064197812,4896.3624814145105,1652.3202454867856,964525.14064205298,421.08278937727528,35198.103330109327,5443.3606884585715,10960.361738653553,36878.784404881648,25989.564572184634,1420.2833085292316,567.58254047133676,0,3855449.3795361775,970412.75,5971238.2357390728,2014,07.2,Paper & cardboard wastes,Non-hazardous,0,0,4152293.4334157645,1.84,2742.6309999999999,0,4155037.9044157644
240,2014,07.3,Rubber wastes,Hazardous,z,z,z,z,z,z,z,z,z,z,z,z,z,z,z,z,z,z,2014,07.3,Rubber wastes,Hazardous,z,z,z,z,z,z,z
241,2014,07.3,Rubber wastes,Non-hazardous,11315.604677009713,0,0,0,0,0,0,0,0,0,0,0,0,0,0,280831.53599999996,7016.7200000000012,299163.86067700968,2014,07.3,Rubber wastes,Non-hazardous,212401.21,0,6950.6353236448522,1.99,6417.87,0,225771.70532364483
243,2014,07.4,Plastic wastes,Hazardous,z,z,z,z,z,z,z,z,z,z,z,z,z,z,z,z,z,z,2014,07.4,Plastic wastes,Hazardous,z,z,z,z,z,z,z
244,2014,07.4,Plastic wastes,Non-hazardous,82267.84698476296,0,37169.617776695137,4177.7523368326092,2589.8860202905958,14841.132390900275,5552.3203904425172,93660.233556124484,2840.6190042940379,8168.0957689061552,24794.167388465412,20785.415878717205,766.4542158102106,2672.4337753163136,17746.218000000008,590659.9112803943,88135.459999999977,996827.56476795219,2014,07.4,Plastic wastes,Non-hazardous,0,0,507156.39686971746,7.33,64515.86,0,571679.58686971746
246,2014,07.5,Wood wastes,Hazardous,0,0,0.61573928333921446,6.7458728088641159E-2,3.0018091171641617,1.2190076289209422,1.0921691603581715E-2,0.97141177336251949,0.14734962369261179,1.3691454875235103,1.4047701560605053,0.64706271202846832,3.3887774119511618E-2,1.8607303912663731E-2,0,12.14482872018367,0,21.652000000000001,2014,07.5,Wood wastes,Hazardous,0,0,0,0,1.24,0,1.24
247,2014,07.5,Wood wastes,Non-hazardous,0,0,26586.365210270753,2912.7301604970421,129611.98942455743,52701.560787847244,471.57634658629627,41943.577216828045,6362.2559337822413,59116.907012802905,60655.107471742289,27938.846913653633,1463.2049038978678,803.42539575803619,524275.94600000017,1080999.9092217768,670719.16999999958,2686562.5720000002,2014,07.5,Wood wastes,Non-hazardous,213509,102030,2254783.8467411036,80096.11,22441.190999999999,0,2672860.1477411035
249,2014,07.6,Textile wastes,Hazardous,z,z,z,z,z,z,z,z,z,z,z,z,z,z,z,z,z,z,2014,07.6,Textile wastes,Hazardous,z,z,z,z,z,z,z
250,2014,07.6,Textile wastes,Non-hazardous,0,0,1278.8510479500394,4373.1309090126579,0,107.07597256605445,0,110.47550351906511,0.74451049196881636,45.637302867664303,23.395438345773542,159.61266392095791,11.399389307205,0,0,1724.059262018613,112970.603,120804.985,2014,07.6,Textile wastes,Non-hazardous,0,3545,90234.122023127697,0,3804.47,0,97583.592023127698
252,2014,07.7,Waste containing PCB,Hazardous,0,0,0,0,0,0,0,0,0,0,4406.5780000000004,0,0,0,0,0,0,4406.5780000000004,2014,07.7,Waste containing PCB,Hazardous,0,0,5216.424,0,6.72,0,5223.1440000000002
253,2014,07.7,Waste containing PCB,Non-hazardous,z,z,z,z,z,z,z,z,z,z,z,z,z,z,z,z,z,z,2014,07.7,Waste containing PCB,Non-hazardous,z,z,z,z,z,z,z
255,2014,08*,Discarded equipment,Hazardous,9.7525559539213038,0,885.9261530867625,1506.769149741097,34.29930751599121,2853.8980662069207,14.232324191833708,517.23968701969522,312.443173585289,870.94554495586112,979.83307536229381,2485.8868005296172,183.94758125537351,47.894443129001175,0,58837.222693420321,248281.85699999993,317822.14755595394,2014,08*,Discarded equipment,Hazardous,0,0,128663.15178802695,28.9,317.22000000000003,0,129009.27178802695
256,2014,08*,Discarded equipment,Non-hazardous,0,0,881.02416398887419,1498.4319244324975,34.109523264874241,2838.1069337764275,14.15357417662883,514.37770659623493,310.71436918631252,866.12644626309452,974.41148233623721,2472.1319407680862,182.9297661307663,47.629434541942558,0,59995.416734538063,0,70629.564000000042,2014,08*,Discarded equipment,Non-hazardous,0,0,169546.31699999998,61.7,2113.5,0,171721.51699999999
258,2014,08.1,Discarded vehicles,Hazardous,0,0,0,0,0,0,0,0,0,0,0,0,0,0,0,728556.01300000085,574,729130.01300000085,2014,08.1,Discarded vehicles,Hazardous,0,0,0,0,0,0,0
259,2014,08.1,Discarded vehicles,Non-hazardous,0,0,0,0,0,0,0,0,0,0,0,0,0,0,0,501530.51399999979,0,501530.51399999979,2014,08.1,Discarded vehicles,Non-hazardous,0,0,0,0,0,0,0
261,2014,08.41,Batteries & accumulators wastes,Hazardous,3362.6839128205124,0,4.1528296735188137,2.1199703052123886,1.60256519914927,0.54069913029165928,7.0352014475228514E-2,56.125614975070405,0.69594120588254194,1.9011483174249768,218.34221715646785,4.6454353894997205,4.6347336675392459,0.93869910632180675,0,85614.795793859143,8294.9249999999993,97568.174912820512,2014,08.41,Batteries & accumulators wastes,Hazardous,0,0,91387.707585738652,0,0,0,91387.707585738652
262,2014,08.41,Batteries & accumulators wastes,Non-hazardous,0,0,2.5373053374891748,1.2952642881151817,0.97913893733822166,0.3303575867830657,4.2983834123844746E-2,34.291756137795602,0.42520774389675359,1.1615679313603093,133.40322540146587,2.8382787004002914,2.831740137929553,0.57352851910935676,0,2227.4066454441927,0,2408.1169999999997,2014,08.41,Batteries & accumulators wastes,Non-hazardous,0,0,787.03159448509746,0,155.26,0,942.29159448509745
264,2014,09.1,Animal & mixed food waste,Hazardous,z,z,z,z,z,z,z,z,z,z,z,z,z,z,z,z,z,z,2014,09.1,Animal & mixed food waste,Hazardous,z,z,z,z,z,z,z
265,2014,09.1,Animal & mixed food waste,Non-hazardous,14109.14369448891,0,966590.60599999991,0,0,0,0,0,0,0,0,0,0,0,0,889277.04200000025,308951.51299999986,2178928.3046944891,2014,09.1,Animal & mixed food waste,Non-hazardous,129568,233842,832871.99056325911,178.72,100536.83199999999,0,1296997.5425632589
267,2014,09.2,Vegetal wastes,Hazardous,z,z,z,z,z,z,z,z,z,z,z,z,z,z,z,z,z,z,2014,09.2,Vegetal wastes,Hazardous,z,z,z,z,z,z,z
268,2014,09.2,Vegetal wastes,Non-hazardous,0,0,394767.64500000002,0,0,0,0,0,0,0,0,0,0,0,0,78240.958999999988,3873868.2170000011,4346876.8210000014,2014,09.2,Vegetal wastes,Non-hazardous,0,0,3519978.3401777628,16854.39,72178.438999999998,0,3609011.1691777627
270,2014,09.3,"Animal faeces, urine & manure",Hazardous,z,z,z,z,z,z,z,z,z,z,z,z,z,z,z,z,z,z,2014,09.3,"Animal faeces, urine & manure",Hazardous,z,z,z,z,z,z,z
271,2014,09.3,"Animal faeces, urine & manure",Non-hazardous,0,0,0,0,0,0,0,0,0,0,0,0,0,0,0,0,0,0,2014,09.3,"Animal faeces, urine & manure",Non-hazardous,377338,154691,13455.412,139.72999999999999,3006.0540000000001,0,548630.196
273,2014,10.1,Household & similar wastes,Hazardous,z,z,z,z,z,z,z,z,z,z,z,z,z,z,z,z,z,z,2014,10.1,Household & similar wastes,Hazardous,z,z,z,z,z,z,z
274,2014,10.1,Household & similar wastes,Non-hazardous,776.98983050043012,0,449606.03003243153,42.030226313139472,29.570129660874397,149876.02195490184,13.457095351997683,449514.35304312687,43.425836099168023,299843.02387244743,150002.25930209164,96.185000610726945,39.932108513558724,2.6566058260188137,0,7445170.2130566519,12370610.456999995,21315666.605094522,2014,10.1,Household & similar wastes,Non-hazardous,0,6016312,433978.68194551748,7122.4589999999998,5971854.6229999997,0,12429267.763945516
276,2014,10.2,Mixed & undifferentiated materials,Hazardous,0,586.54100000000005,975.5004749804034,103.57483999068563,22.595219951046012,378.06839595260374,29.804587583359563,314.67103954568961,84.774635177117062,307.65522143242276,428.61853710085677,109.29774727062642,56.008832824690671,17.243709735990439,0,9497.5197584545149,0,12911.874000000007,2014,10.2,Mixed & undifferentiated materials,Hazardous,0,3944,14118.450999999999,0,363.29599999999999,0,18425.746999999999
277,2014,10.2,Mixed & undifferentiated materials,Non-hazardous,11711.257755073035,2354.2219999999998,63601.200015592964,599.56064132416873,130.79628764985864,98744.593445563863,172.52894281553722,651109.60302618821,491.58944659982677,3395.1697654521181,2481.1315664183198,632.68866700404055,324.21668941230865,99.8181572768829,0,54677.570744702403,2924546.3569999984,3815072.3041510722,2014,10.2,Mixed & undifferentiated materials,Non-hazardous,66568,0,177729.62484222339,5250,201735.29300000001,0,451282.91784222343
279,2014,10.3,Sorting residues,Hazardous,0,0,0,0,0,0,0,0,0,0,0,0,0,0,0,0,0,0,2014,10.3,Sorting residues,Hazardous,0,0,2214.5050000000001,0,37901.5,0,40116.004999999997
280,2014,10.3,Sorting residues,Non-hazardous,0,0,0,0,0,0,0,0,0,0,0,0,0,0,0,0,0,0,2014,10.3,Sorting residues,Non-hazardous,99337,26847.72,508107.58900000004,50159.34,7590031.0489999996,0,8274482.6979999999
282,2014,11,Common sludges,Hazardous,z,z,z,z,z,z,z,z,z,z,z,z,z,z,z,z,z,z,2014,11,Common sludges,Hazardous,z,z,z,z,z,z,z
283,2014,11,Common sludges,Non-hazardous,0,0,36794.331828746886,0.23573968589309591,4.8074229352752837,2854.2938189145643,1.2802046878193274,185.9082806908059,41.243580654675164,97.731630003165009,143.36715825435334,15.52794591157477,49.405443228624399,924931,0,260027.70526542899,0,1225146.8383191426,2014,11,Common sludges,Non-hazardous,22054.43,125979,760833,5106.9359999999997,5629.19,0,919602.55599999987
285,2014,12.1,Mineral waste from construction & demolition,Hazardous,0,0,0,0,0,0,0,0,0,0,0,0,0,0,359721.37921002001,0,0,359721.37921002001,2014,12.1,Mineral waste from construction & demolition,Hazardous,0,0,115588.27872483454,1742,17204.97,0,134535.24872483453
286,2014,12.1,Mineral waste from construction & demolition,Non-hazardous,0,0,0,0,0,0,0,0,0,0,0,0,0,0,53324876.001289956,0,0,53324876.001289956,2014,12.1,Mineral waste from construction & demolition,Non-hazardous,0,0,48182676.978,1116051.689,2113291.3739999998,0,51412020.041000001
288,2014,"12.2, 12.3, 12.5",Other mineral wastes,Hazardous,19919.322467907656,6.12,970.79314379521838,8.8551851856640815E-2,7.5630053164193276,0.81550439094028171,14.845835907860168,1229.0587971266816,2517.2441321831252,3530.0312142643838,55.719338825379666,6.6826435780885181,157.1068938873475,102.61956029330229,0,1865.6123785793957,0,30383.623467907659,2014,"12.2, 12.3, 12.5",Other mineral wastes,Hazardous,0,0,561.20999999999992,0,209285.196,0,209846.40599999999
289,2014,"12.2, 12.3, 12.5",Other mineral wastes,Non-hazardous,0,11640739.152941179,11552.417087662205,0.24028452799944605,20.52213617909602,2.2128626736772881,40.284021159179062,170329.70024888113,55091.408812657915,103063.13762335823,151.19384574557051,18.13328376857778,426.30792074563846,278.45710836749322,0,5062.3197642732976,0,11986775.487941179,2014,"12.2, 12.3, 12.5",Other mineral wastes,Non-hazardous,0,0,13700.259000000002,74260.909,482038.32500000001,11640732.352941178,12210731.845941179
291,2014,12.4,Combustion wastes,Hazardous,0,0,0,0,0,0,0,0,255.21999999999997,12818.549000000001,0,0,16121.645,0,0,0,0,29195.414000000001,2014,12.4,Combustion wastes,Hazardous,0,0,684.97699999999998,0,16180.75,0,16865.726999999999
292,2014,12.4,Combustion wastes,Non-hazardous,0,0,0,0,0,0,0,0,971.07999999999993,175028.723,0,0,1597133.4949999999,0,0,0,0,1773133.298,2014,12.4,Combustion wastes,Non-hazardous,0,0,12174.891,241514.649,1697920.648,0,1951610.1880000001
294,2014,12.6,Soils,Hazardous,0,0,0,0,0,0,326.983,0,0,0,0,0,0,0,259871.05230962188,0,0,260198.03530962189,2014,12.6,Soils,Hazardous,0,0,44619.706193551596,808.5,193816.609,0,239244.81519355159
295,2014,12.6,Soils,Non-hazardous,0,0,0,0,0,0,0,0,0,0,0,0,0,0,49848582.914825805,282529.16699999996,0,50131112.081825808,2014,12.6,Soils,Non-hazardous,0,1180.3599999999999,10223537.885235295,17468514.571000002,19447725.16,0,47140957.9762353
297,2014,12.7,Dredging spoils,Hazardous,0,0,0,0,0,0,0,0,0,0,0,0,0,0,0,0,0,0,2014,12.7,Dredging spoils,Hazardous,0,0,0,463.21600000000001,858.53,0,1321.7460000000001
298,2014,12.7,Dredging spoils,Non-hazardous,0,0,0,0,0,0,0,0,0,0,0,0,0,0,10447101.800000001,0,0,10447101.800000001,2014,12.7,Dredging spoils,Non-hazardous,0,0,720.22540000000004,459.024,164064.66200000001,10447101.800000001,10612345.7114
300,2014,"12.8, 13",Mineral waste from waste treatment & stabilised waste,Hazardous,0,0,0,0,0,0,0,0,0,0,0,0,0,0,0,0,0,0,2014,"12.8, 13",Mineral waste from waste treatment & stabilised waste,Hazardous,0,0,0,0,296580,0,296580
301,2014,"12.8, 13",Mineral waste from waste treatment & stabilised waste,Non-hazardous,0,0,0,0,0,0,0,0,0,0,0,0,0,0,0,0,0,0,2014,"12.8, 13",Mineral waste from waste treatment & stabilised waste,Non-hazardous,95968.24,387952,4615.88,63660.740000000005,1815636,0,2367832.86
306,2016,01.1,Spent solvents,Hazardous,0,0,26.326326367359087,17.554774241345569,31.364392212649218,1333.0353702998896,35.339284468440795,57676.350569541501,18.363177202802753,650.43168524862176,683.75807480396486,157.62625195693909,3.8678191183196433,0.86734625726359582,0,2011.4519282809324,0,62646.337000000021,2016,01.1,Spent solvents,Hazardous,0,25115,2,0,7602,0,32719
307,2016,01.1,Spent solvents,Non-hazardous,z,z,z,z,z,z,z,z,z,z,z,z,z,z,z,z,z,z,2016,01.1,Spent solvents,Non-hazardous,z,z,z,z,z,z,z
309,2016,01.2,"Acid, alkaline or saline wastes",Hazardous,0,0,2693.5130602040722,1.657257825035779,14.356549605638534,5973.8716765450445,1061.1185898277595,40797.618953851481,2112.4684254971912,14624.657180196327,3804.0478002895511,867.04653005123794,52.205117474020483,113.45747799744944,0,7124.5063806351727,0,79240.524999999994,2016,01.2,"Acid, alkaline or saline wastes",Hazardous,0,0,1339.4060000000002,0,1538.66,0,2878.0660000000003
310,2016,01.2,"Acid, alkaline or saline wastes",Non-hazardous,0,0,1277.8923859679176,0.78625835808589695,6.8112257188855869,2834.703866688485,148.92908444929321,19355.750449859439,1002.2254417195846,6839.5729088511116,1804.7670871437033,411.35577747985155,12.876176465132103,53.828009749126103,0,3380.1033275493946,0,37129.602000000021,2016,01.2,"Acid, alkaline or saline wastes",Non-hazardous,0,0,1294.652,0,31054.030000000002,0,32348.682000000001
312,2016,01.3,Used oils,Hazardous,20514.247720612195,423.36999999999989,5121.8399515723831,64.970343464034727,74.10315756112891,3262.0301883904904,3602.264495148645,43781.100053058362,16634.869093631853,20231.02147288376,7953.1849620201065,3429.7305589253988,27101.990314589078,23.962685275148601,0,64661.187723479612,5061.1640000000016,221941.0367206122,2016,01.3,Used oils,Hazardous,0,3146,10796.933999999999,0,239.60000000000002,0,14182.534
313,2016,01.3,Used oils,Non-hazardous,z,z,z,z,z,z,z,z,z,z,z,z,z,z,z,z,z,z,2016,01.3,Used oils,Non-hazardous,z,z,z,z,z,z,z
315,2016,"01.4, 02, 03.1",Chemical wastes,Hazardous,109003.30424857177,295.75899999999996,492.0549708789041,1588.2830415440451,416.34791931386275,23322.409486444703,4017.4536666244726,545323.26818263589,3218.6527492154578,62656.450581767858,7844.6526399950762,1827.0549266110961,721.89074307773183,8.9685126651438676,0,64477.85257922599,3180.7689999999975,828395.17224857199,2016,"01.4, 02, 03.1",Chemical wastes,Hazardous,23500,0,7837.6489999999985,0,2776.9710000000005,0,34114.619999999995
316,2016,"01.4, 02, 03.1",Chemical wastes,Non-hazardous,0,18.759,118.17631950355369,3397.425441242885,98.301555235687346,5506.5223530822295,946.26311014084217,27343.718432169018,759.93791810686082,15068.790303915668,1852.1566195553225,431.37561749528658,170.4415453107903,2.1175048612888485,0,16505.959279380575,4783.8740000000007,77003.819000000003,2016,"01.4, 02, 03.1",Chemical wastes,Non-hazardous,0,0,4907.5809999999992,0,68476.906000000003,0,73384.487000000008
318,2016,03.2,Industrial effluent sludges,Hazardous,0,538.95861000000002,5598.8149914434216,91.568072031958735,1.7218200340487719,6541.9121688237537,269.6253745398601,2389.3649302426729,522.77787795156348,2238.3474990679433,248.73906182416292,17.26872278285623,361.65471792143398,1001.5412833398337,0,960.89978999646496,0,20783.194919999973,2016,03.2,Industrial effluent sludges,Hazardous,0,91765,11.750399999999999,0,7293.415,0,99070.165399999998
319,2016,03.2,Industrial effluent sludges,Non-hazardous,0,14.572979999999999,43024.732566710205,2175.7312581464903,13.231522492914811,56495.513723599637,868.28140515047824,17781.979454138484,2310.9222093906028,14527.25346376153,1911.4636990567813,132.70347040159973,5512.0137255421114,7696.4582569832055,0,7384.1440646259798,0,159849.0018,2016,03.2,Industrial effluent sludges,Non-hazardous,0,0,8463.2293199999986,159.03,46108.109000000011,0,54730.368320000009
321,2016,03.3,Sludges & liquid wastes from waste treatment,Hazardous,0,0,0,0,0,0,0,0,0,0,0,0,0,0,0,0,0,0,2016,03.3,Sludges & liquid wastes from waste treatment,Hazardous,2415,78680,5.4,0,21614.57,0,102714.97
322,2016,03.3,Sludges & liquid wastes from waste treatment,Non-hazardous,0,0,0,0,0,0,0,0,0,0,0,0,0,0,0,0,0,0,2016,03.3,Sludges & liquid wastes from waste treatment,Non-hazardous,0,0,1268.46,398.52,420057.49299999984,0,421724.47299999982
324,2016,05,Health care & biological wastes,Hazardous,20.663161723704754,1.0110000000000001,0,0,0,0,0,0,0,0,0,0,0,0,0,116796.19,0,116817.8641617237,2016,05,Health care & biological wastes,Hazardous,0,88448,29,0,0,0,88477
325,2016,05,Health care & biological wastes,Non-hazardous,984.73587793690081,0,0,0,0,0,0,0,0,0,0,0,0,0,0,137497.47299999997,0,138482.20887793688,2016,05,Health care & biological wastes,Non-hazardous,7852,294,352,0,118319.51000000002,0,126817.51000000002
327,2016,06.1,"Metallic wastes, ferrous",Hazardous,z,z,z,z,z,z,z,z,z,z,z,z,z,z,z,z,z,z,2016,06.1,"Metallic wastes, ferrous",Hazardous,z,z,z,z,z,z,z
328,2016,06.1,"Metallic wastes, ferrous",Non-hazardous,0,0,0,0,0,0,0,0,372.9,236694.78499999997,0,0,0,0,986955.91400000034,527195.32299999997,9862.9319999999989,1761081.8540000003,2016,06.1,"Metallic wastes, ferrous",Non-hazardous,0,0,7609804.0189999919,38205,135333.02900000001,0,7783342.047999992
330,2016,06.2,"Metallic wastes, non-ferrous",Hazardous,z,z,z,z,z,z,z,z,z,z,z,z,z,z,z,z,z,z,2016,06.2,"Metallic wastes, non-ferrous",Hazardous,z,z,z,z,z,z,z
331,2016,06.2,"Metallic wastes, non-ferrous",Non-hazardous,0,0,0,0,0,0,0,0,0,61683.274999999994,0,0,0,0,272740.55800000037,91430.822999999989,2712.6349999999998,428567.29100000032,2016,06.2,"Metallic wastes, non-ferrous",Non-hazardous,0,0,1595845.3600000013,0,221.06000000000003,0,1596066.4200000013
333,2016,06.3,"Metallic wastes, mixed",Hazardous,z,z,z,z,z,z,z,z,z,z,z,z,z,z,z,z,z,z,2016,06.3,"Metallic wastes, mixed",Hazardous,z,z,z,z,z,z,z
334,2016,06.3,"Metallic wastes, mixed",Non-hazardous,4578.2918322135874,1509.9970000000001,881.15051851816963,104.31006646025475,157.61069066015716,1191.1185863287615,219.75700497174824,1950.0629356806762,300.8058537361058,19080.961373805854,14154.988015488412,1375.9287515360975,796.16963981859567,22.635378901621486,605085.64800000016,2393688.2597370362,305208.18799999985,3350305.8833851563,2016,06.3,"Metallic wastes, mixed",Non-hazardous,0,0,4259404.8310000086,25,544.28000000000009,0,4259974.1110000089
336,2016,07.1,Glass wastes,Hazardous,0,0,0,0,0,0,0,0,243.732,0,0,0,0,0,0,0,0,243.732,2016,07.1,Glass wastes,Hazardous,0,0,0,0,241.3,0,241.3
337,2016,07.1,Glass wastes,Non-hazardous,0,0,3524.2455483115095,41.810007679033859,105.71232384058253,102.52312314654338,8.7820758450617209E-2,1671.5615217174709,12248.691296443778,49.55844289298873,223.21806469390245,55.076912940939557,4.1029907524090623,0,119961.78199999985,426981.21168098634,446512.45400000014,1011482.0357341639,2016,07.1,Glass wastes,Non-hazardous,0,0,1312009.1028181817,326,70772.680999999997,0,1383107.7838181818
339,2016,07.2,Paper & cardboard wastes,Hazardous,z,z,z,z,z,z,z,z,z,z,z,z,z,z,z,z,z,z,2016,07.2,Paper & cardboard wastes,Hazardous,z,z,z,z,z,z,z
340,2016,07.2,Paper & cardboard wastes,Non-hazardous,5638.2746463389276,0,65399.073059938688,6182.5050123051924,2086.3402655401951,965280.96595407196,531.68989546876344,44443.6969460584,6873.1849138869256,13839.353528893096,46565.847666783746,32816.323106197386,1793.3534756067857,716.67118492159011,0,3857776.2864164719,893401.00200000021,5943344.5680724839,2016,07.2,Paper & cardboard wastes,Non-hazardous,18919,0,3805298.605,0,2013.7820000000002,0,3826231.3870000001
342,2016,07.3,Rubber wastes,Hazardous,z,z,z,z,z,z,z,z,z,z,z,z,z,z,z,z,z,z,2016,07.3,Rubber wastes,Hazardous,z,z,z,z,z,z,z
343,2016,07.3,Rubber wastes,Non-hazardous,11738.348954414208,0,0,0,0,0,0,0,0,0,0,0,0,0,0,185332.39499999999,6410.1069999999936,203480.8509544142,2016,07.3,Rubber wastes,Non-hazardous,0,111003,10621.347000000003,3586,4515.78,0,129726.12700000001
345,2016,07.4,Plastic wastes,Hazardous,z,z,z,z,z,z,z,z,z,z,z,z,z,z,z,z,z,z,2016,07.4,Plastic wastes,Hazardous,z,z,z,z,z,z,z
346,2016,07.4,Plastic wastes,Non-hazardous,82265.701143261031,0,49258.24172994378,5536.4770154985299,3432.1911085258189,19667.893580423683,7358.0939572102016,123708.65995424478,3764.4696379933821,10824.594384459238,32857.940537647075,27545.428257085998,1015.7270721515257,3541.5857570193634,21804.269999999993,713516.86850885558,81180.373000000036,1187278.5156443203,2016,07.4,Plastic wastes,Non-hazardous,0,2348,512941.96854929579,4,47341.375000000007,0,562635.34354929579
348,2016,07.5,Wood wastes,Hazardous,0,0,0.1258380901891753,1.3786480315547625E-2,0.61347706186271089,0.24912750591054725,2.2320564079922911E-3,0.19852656092412471,3.0113711658960245E-2,0.2798110466604255,0.28709162851319669,0.13223963147635193,6.9256142840771707E-3,3.8027581661526423E-3,0,2.4820278536307376,0,4.4249999999999998,2016,07.5,Wood wastes,Hazardous,0,0,0,0,0,0,0
349,2016,07.5,Wood wastes,Non-hazardous,0,0,25777.403117754311,2824.1024647990548,125668.19397336115,51150.320998250725,457.2273603635262,40667.330399160695,6168.6670835346968,57318.115172626807,58809.511720910028,27088.731906091998,1418.6829359087924,778.97900437685587,497403.68399999995,1163151.9613796966,708967.78299999959,2767650.6945168348,2016,07.5,Wood wastes,Non-hazardous,0,643845,2273464.9390000002,137073,27267.53,0,3081650.469
351,2016,07.6,Textile wastes,Hazardous,z,z,z,z,z,z,z,z,z,z,z,z,z,z,z,z,z,z,2016,07.6,Textile wastes,Hazardous,z,z,z,z,z,z,z
352,2016,07.6,Textile wastes,Non-hazardous,0,0,1142.6737985410045,3345.05497160308,0,95.674088472347066,0,98.711623573531256,0.66523199341732475,40.777657653370056,20.904197127530772,142.6164597277907,10.185536072861337,0,0,1540.4744352350663,119379.22199999995,125816.95999999995,2016,07.6,Textile wastes,Non-hazardous,0,0,96332.597000000038,413,1053.8800000000001,0,97799.477000000043
354,2016,07.7,Waste containing PCB,Hazardous,0,0,0,0,0,0,0,0,0,0,269.041,0,0,0,0,0,0,269.041,2016,07.7,Waste containing PCB,Hazardous,0,0,34.035000000000011,0,0,0,34.035000000000011
355,2016,07.7,Waste containing PCB,Non-hazardous,z,z,z,z,z,z,z,z,z,z,z,z,z,z,z,z,z,z,2016,07.7,Waste containing PCB,Non-hazardous,z,z,z,z,z,z,z
357,2016,08*,Discarded equipment,Hazardous,3.424263196198386E-3,0,1445.245914550836,2458.0513288236689,55.953799181447565,4655.6753137483529,23.217745995129537,843.7932912401086,509.70074489855779,1420.8074637575769,1598.4399423982825,4055.3241711890496,300.08086946587832,78.132074576081948,0,95983.458017245925,283084.79600000015,396512.68010133423,2016,08*,Discarded equipment,Hazardous,0,0,169579.94400000011,0,14.850000000000001,0,169594.79400000011
358,2016,08*,Discarded equipment,Non-hazardous,0,0,706.59218401398402,1201.7607795084336,27.356255962699851,2276.1965661904842,11.351340062897963,412.5372287933385,249.19673455251157,694.64403169881621,781.48995858978537,1982.6801336405913,146.71191580749627,38.199390609185706,0,66808.684645992747,0,75337.401165422969,2016,08*,Discarded equipment,Non-hazardous,0,0,227981.60599999997,0,1741.5820000000003,0,229723.18799999997
360,2016,08.1,Discarded vehicles,Hazardous,0,0,0,0,0,0,0,0,0,0,0,0,0,0,0,852982.09999999893,0,852982.09999999893,2016,08.1,Discarded vehicles,Hazardous,0,0,0,0,0,0,0
361,2016,08.1,Discarded vehicles,Non-hazardous,0,0,0,0,0,0,0,0,0,0,0,0,0,0,0,463911.64722191304,606.88999999999965,464518.53722191305,2016,08.1,Discarded vehicles,Non-hazardous,0,0,0,0,0,0,0
363,2016,08.41,Batteries & accumulators wastes,Hazardous,3488.2261179487177,0,1.2712379501981848,0.64895189958409172,0.49056712145365922,0.16551539747679861,2.153571364703296E-2,17.180818223653503,0.21303711964544353,0.58196749687983718,66.837538353583938,1.4220312959095835,1.41875535247868,0.28734863251982967,0,89435.856217491964,7930.3000000000075,100944.92163999772,2016,08.41,Batteries & accumulators wastes,Hazardous,0,0,90190.289000000135,0,28,0,90218.289000000135
364,2016,08.41,Batteries & accumulators wastes,Non-hazardous,0,0,7.5280056698774569,3.8429576294392191,2.9050360486664797,0.9801476194626747,0.12752999893878794,101.74121766946459,1.261561334237417,3.4462899849023576,395.79794452170876,8.420972373175001,8.4015729202887854,1.7016185950895948,0,6608.5581456347491,1095.3290000000002,8240.0419999999995,2016,08.41,Batteries & accumulators wastes,Non-hazardous,0,0,638.12599999999998,0,0,0,638.12599999999998
366,2016,09.1,Animal & mixed food waste,Hazardous,z,z,z,z,z,z,z,z,z,z,z,z,z,z,z,z,z,z,2016,09.1,Animal & mixed food waste,Hazardous,z,z,z,z,z,z,z
367,2016,09.1,Animal & mixed food waste,Non-hazardous,13121.539412923632,0,1241161.773,0,0,0,0,0,0,0,0,0,0,0,0,742717.00033542409,363043.6759999998,2360043.9887483479,2016,09.1,Animal & mixed food waste,Non-hazardous,29775,434314,805311.28299999982,213,171423.43999999997,0,1441036.7229999998
369,2016,09.2,Vegetal wastes,Hazardous,z,z,z,z,z,z,z,z,z,z,z,z,z,z,z,z,z,z,2016,09.2,Vegetal wastes,Hazardous,z,z,z,z,z,z,z
370,2016,09.2,Vegetal wastes,Non-hazardous,0,0,644019.39799999993,0,0,0,0,0,0,0,0,0,0,0,0,90980.340000000098,3711589.058999999,4446588.7969999993,2016,09.2,Vegetal wastes,Non-hazardous,1698,46579,3390921.1409999952,22772,84918.601999999984,0,3546888.7429999951
372,2016,09.3,"Animal faeces, urine & manure",Hazardous,z,z,z,z,z,z,z,z,z,z,z,z,z,z,z,z,z,z,2016,09.3,"Animal faeces, urine & manure",Hazardous,z,z,z,z,z,z,z
373,2016,09.3,"Animal faeces, urine & manure",Non-hazardous,0,0,0,0,0,0,0,0,0,0,0,0,0,0,0,0,0,0,2016,09.3,"Animal faeces, urine & manure",Non-hazardous,0,517281,13628.386,96,3134.4600000000009,0,534139.84600000002
375,2016,10.1,Household & similar wastes,Hazardous,z,z,z,z,z,z,z,z,z,z,z,z,z,z,z,z,z,z,2016,10.1,Household & similar wastes,Hazardous,z,z,z,z,z,z,z
376,2016,10.1,Household & similar wastes,Non-hazardous,778.57596449386313,0,592932.21139784704,203.97842416786932,143.50787468348972,197679.71809970183,65.309120234718279,592487.29045758152,210.75150891850663,395800.97437416058,198292.3651732404,466.7989343428336,193.7959721561073,12.892870620996225,0,9426313.8951611388,12719432.819000002,24125014.88433329,2016,10.1,Household & similar wastes,Non-hazardous,5407157,2082604,373648.24200000003,235,4002089.5699999952,0,11865733.811999995
378,2016,10.2,Mixed & undifferentiated materials,Hazardous,0,203.55899999999997,1764.8633492469116,187.38631470922303,40.878991433166441,683.99664852928322,53.92208985479742,569.29893834728216,153.37321755058855,556.60600731274212,775.45133635360435,197.74012751460245,101.33048503987624,31.197105586968604,0,17116.894388520956,0,22436.498,2016,10.2,Mixed & undifferentiated materials,Hazardous,417,9168,1228.816,0,737.44399999999996,0,11551.26
379,2016,10.2,Mixed & undifferentiated materials,Non-hazardous,12062.520862044596,2096.4380000000001,104652.95592757642,1209.0864075155093,129.55407027958884,68807.218379978352,170.89037605274444,69607.696356962115,486.27279162043499,2273.0918048469293,2457.5674058055943,626.67980493121786,324.1374919017685,98.870149874948069,0,54158.279032654362,3096643.6349999988,3415804.8938620435,2016,10.2,Mixed & undifferentiated materials,Non-hazardous,0,55743,165872.90600000002,3969,177837.89299999987,0,403422.79899999988
381,2016,10.3,Sorting residues,Hazardous,0,0,0,0,0,0,0,0,0,0,0,0,0,0,0,0,0,0,2016,10.3,Sorting residues,Hazardous,0,3698,780.8,0,83963.257000000027,0,88442.05700000003
382,2016,10.3,Sorting residues,Non-hazardous,0,0,0,0,0,0,0,0,0,0,0,0,0,0,0,0,0,0,2016,10.3,Sorting residues,Non-hazardous,717904,1112319,544446.90399999975,127559,8106508.5880000098,0,10608737.49200001
384,2016,11,Common sludges,Hazardous,z,z,z,z,z,z,z,z,z,z,z,z,z,z,z,z,z,z,2016,11,Common sludges,Hazardous,z,z,z,z,z,z,z
385,2016,11,Common sludges,Non-hazardous,0,0,44309.92955395802,0.35103184678588373,7.1585679129808346,2239.8616402425719,1.9463087071090623,276.82961762015856,61.414395418506743,145.52880411049381,213.48309742506368,23.122129434766681,73.567943861959108,933235,0,302904.2279519664,0,1283492.4210425047,2016,11,Common sludges,Non-hazardous,0,123118,767284.4,21415.8,30247,0,942065.20000000007
387,2016,12.1,Mineral waste from construction & demolition,Hazardous,0,0,0,0,0,0,0,0,0,0,0,0,0,0,448081.48912006756,0,0,448081.48912006756,2016,12.1,Mineral waste from construction & demolition,Hazardous,0,0,187552.76384132062,377,9468.4000000000051,0,197398.16384132061
388,2016,12.1,Mineral waste from construction & demolition,Non-hazardous,0,0,0,0,0,0,0,0,0,0,0,0,0,0,57145696.89025899,0,0,57145696.89025899,2016,12.1,Mineral waste from construction & demolition,Non-hazardous,0,0,52297495.211999997,501823.94099999999,2197412.8610000019,0,54996732.013999999
390,2016,"12.2, 12.3, 12.5",Other mineral wastes,Hazardous,19872.410206797536,10.000999999999999,917.28452749460632,8.3671010769133969E-2,7.1461441631012352,0.77055505047038986,14.027556398643622,1161.3149775429943,2330.2465444899376,1433.5070980539779,52.648175065327443,6.3143066018962779,148.44740493552567,96.963328879053506,0,1762.782710313697,0,27813.948206797533,2016,"12.2, 12.3, 12.5",Other mineral wastes,Hazardous,0,0,16073.580000000004,0,218888.67800000022,0,234962.25800000023
391,2016,"12.2, 12.3, 12.5",Other mineral wastes,Non-hazardous,0,11496857.647058824,9881.2346272303639,0.28844634311252554,24.635523489598754,2.6564013561201545,48.358413610632439,204557.12799423735,54904.737388671783,80747.477028307243,181.49862693835044,21.7678576112068,511.75563321857857,334.27010590742992,0,6076.9939530782503,0,11854150.449058823,2016,"12.2, 12.3, 12.5",Other mineral wastes,Non-hazardous,0,304,31522.425999999999,89204,553344.50400000007,11496858,12171232.93
393,2016,12.4,Combustion wastes,Hazardous,0,0,0,0,0,0,0,0,3433.45,974.21699999999987,0,0,18407.644,0,0,0,0,22815.311000000002,2016,12.4,Combustion wastes,Hazardous,0,0,1032.498,0,10035.99,0,11068.487999999999
394,2016,12.4,Combustion wastes,Non-hazardous,0,0,0,0,0,0,0,0,1152.7740000000001,482713.33700000006,0,0,371714.91400000011,0,0,0,0,855581.02500000014,2016,12.4,Combustion wastes,Non-hazardous,0,0,344320.88000000006,66823,422213.89600000012,0,833357.77600000019
396,2016,12.6,Soils,Hazardous,0,0,0,0,0,0,51.57,0,0,0,0,0,0,0,235779.89560766585,0,0,235831.46560766586,2016,12.6,Soils,Hazardous,0,0,73877.927506550302,0,149302.66500000015,0,223180.59250655046
397,2016,12.6,Soils,Non-hazardous,0,0,0,0,0,0,0,0,0,0,0,0,0,0,51242035.974411055,329259.40999999997,0,51571295.384411052,2016,12.6,Soils,Non-hazardous,0,0,11172862.747382354,12001271,25724491.004999951,0,48898624.752382308
399,2016,12.7,Dredging spoils,Hazardous,0,0,0,0,0,0,0,0,0,0,0,0,0,0,0,0,0,0,2016,12.7,Dredging spoils,Hazardous,0,0,52.229700000000001,0,1674.4,0,1726.6297000000002
400,2016,12.7,Dredging spoils,Non-hazardous,0,0,0,0,0,0,0,0,0,0,0,0,0,0,8722261,0,0,8722261,2016,12.7,Dredging spoils,Non-hazardous,0,0,3522.8519999999999,148980.53599999999,57461.67300000001,8722261,8932226.0610000007
402,2016,"12.8, 13",Mineral waste from waste treatment & stabilised waste,Hazardous,0,0,0,0,0,0,0,0,0,0,0,0,0,0,0,0,0,0,2016,"12.8, 13",Mineral waste from waste treatment & stabilised waste,Hazardous,0,0,44.683,0,278761.65899999999,0,278806.342
403,2016,"12.8, 13",Mineral waste from waste treatment & stabilised waste,Non-hazardous,0,0,0,0,0,0,0,0,0,0,0,0,0,0,0,0,0,0,2016,"12.8, 13",Mineral waste from waste treatment & stabilised waste,Non-hazardous,0,0,204292.92899999997,100621,1413822.7049999998,0,1718736.6339999998
