,Year,Waste_types,Haz_NonHaz,A,B,C10_C12,C13_C15,C16,C17_C18,C19,C20_C22,C23,C24_C25,C26_C30,C31_C33,D,E36_E37_E39,F,G_U_X_G4677,EP_HH,Total_waste_gen,Energy_recovery,Incineration,No_backfilling,Backfilling,Deposit_land,Treated_waterbodies,Total_treatment
0,2010,Spent solvents,Hazardous,0.0,0.0,84.94946037717506,25.203928515981715,45.05865974305002,2825.0664151318892,44.38739101414612,95629.60890944049,100.80269133001863,819.0163858338585,1917.6401368516108,774.2445205108856,21.47197057450999,1.4512891253133389,0.0,14969.237744563501,0.0,117258.13950301244,8581.0,0.0,8436.486999999997,0.0,0.0,0.0,17017.487
1,2010,Spent solvents,Non-hazardous,,,,,,,,,,,,,,,,,,,,,,,,,
2,2010,"Acid, alkaline or saline wastes",Hazardous,0.0,0.0,2644.474322622751,1.5892666699683162,14.767553508758073,6197.973549642561,6717.248382564081,40596.8618215512,2618.801664222435,21429.840663347062,7506.98866295707,894.4748198533113,28.026658899350352,116.80273758014522,0.0,8427.786022764682,0.0,97195.63612618338,0.0,0.0,79.01399999999998,0.0,569.4,0.0,648.414
3,2010,"Acid, alkaline or saline wastes",Non-hazardous,0.0,0.0,3317.571011463668,1.725589277174148,14.948493639590307,6310.930876806496,756.5601394709623,47032.85910631863,2199.5689556199327,15261.28678688404,3985.4565683863866,915.3777502278776,29.14573680335712,118.135515482266,0.0,10906.979298373008,0.0,90850.5458287534,0.0,0.0,2863.925,0.0,73192.47,0.0,76056.395
4,2010,Used oils,Hazardous,31991.637710338407,8117.0,6775.099374778573,61.16469289938809,103.23224401765512,3148.61783137233,4156.560477092136,42942.45372104571,15806.007097942907,18624.625173560333,16112.105266055161,3093.1974314469066,24973.976901330025,21.422419701255947,0.0,104950.65356123383,7575.3179999999975,288453.07190281467,7.0,0.0,6417.999399616944,0.0,524.6415384615385,8520.360220428676,15470.00115850716
5,2010,Used oils,Non-hazardous,,,,,,,,,,,,,,,,,,,,,,,,,
6,2010,Chemical wastes,Hazardous,163248.07767700718,2844.0,573.4603010719605,1668.620319120949,897.9022876152676,25344.082907007032,7224.911965467003,331319.56420100556,4018.4144176884583,75142.70523755238,13355.435078012724,1789.529614360732,4479.449824524226,9.189816014735225,0.0,104801.36593733123,2637.823000000001,739354.5325837795,64.54,7723.0,21466.977293615084,0.0,3131.8884615384613,2844.0,35230.405755153544
7,2010,Chemical wastes,Non-hazardous,0.0,507.0,15378.18489067363,5608.7770270924875,2790.714241679973,9453.568200532554,2635.858212531833,68396.89347925776,1075.482797898732,15459.312173462195,5853.1232825776415,491.8929155274038,266.953937841214,1.8849639937658915,0.0,24480.500307029848,2876.6740000000004,155276.82043009903,0.0,0.0,124058.296,0.0,50639.075153846155,507.0,175204.37115384615
8,2010,Industrial effluent sludges,Hazardous,0.0,20033.46,10557.405372962265,124.20180271256832,23.2273063670639,8907.510724175936,361.70139066985575,4935.261425725027,263.2639014106875,5129.81986858536,1915.5480978369958,258.6696209871256,1128.4818686504525,1067.9200337848165,0.0,2764.2514043418255,0.0,57470.72281820998,0.0,127039.0,0.0,0.0,6718.7569,20033.46,153791.2169
9,2010,Industrial effluent sludges,Non-hazardous,0.0,656.91,77004.74002536066,2048.8613933055376,17.492439115734758,70045.01915478794,883.0327545754292,34873.37772948453,7106.659307990973,24297.12712781896,2333.397404825063,151.32029256641204,5245.525987330793,10109.227178296838,0.0,12859.28223437651,0.0,247631.97302983532,548.1,686.88,63418.98946,0.0,85983.1507,656.91,151294.03016
10,2010,Sludges & liquid wastes from waste treatment,Hazardous,0.0,0.0,0.0,0.0,0.0,0.0,0.0,447.525,0.0,0.0,0.0,0.0,0.0,0.0,0.0,5.04,0.0,452.565,115560.0,1157.0,0.0,0.0,7715.694,0.0,124432.694
11,2010,Sludges & liquid wastes from waste treatment,Non-hazardous,0.0,0.0,0.0,0.0,0.0,0.0,0.0,0.0,0.0,0.0,0.0,0.0,0.0,0.0,3301.601643,1202.6879999999996,0.0,4504.289643,0.0,0.0,29.44686666666667,0.0,340984.9118,0.0,341014.3586666667
12,2010,Health care & biological wastes,Hazardous,284.8212566828452,45.0,1955.3966878283427,4.87068,2.02,9.93,0.0,416.8447777777778,2.053244941885493,113.26,909.4740129933165,1.0,1.666260739979445,0.08,0.0,220884.00152424816,0.0,224630.4184452123,6.55,122163.95,0.0,0.0,0.0,45.0,122215.5
13,2010,Health care & biological wastes,Non-hazardous,1510.5461724999973,0.0,11.0,1.0,1.0,11.93,9.0,369.66115555555564,0.0,5.5600000000000005,17.22420688,701.552235966878,0.0,0.0,0.0,143640.06908742574,1221.996,147500.5388583282,33.33,4334.66,401.155,0.0,107777.2806,0.0,112546.4256
14,2010,"Metallic wastes, ferrous",Hazardous,,,,,,,,,,,,,,,,,,,,,,,,,
15,2010,"Metallic wastes, ferrous",Non-hazardous,0.0,0.0,1173.0707692307692,122.33333333333331,115.0,887.0,114.0,15607.25,1706.64,187004.21902603804,20111.105894648288,780.3298976,13910.666666666664,8.0,1817632.9903836357,1466757.5777194588,17936.794999999995,3543866.978690611,0.0,0.0,9376609.844459612,0.0,2955.94,0.0,9379565.784459613
16,2010,"Metallic wastes, non-ferrous",Hazardous,,,,,,,,,,,,,,,,,,,,,,,,,
17,2010,"Metallic wastes, non-ferrous",Non-hazardous,0.0,0.0,98.00615384615385,6.0,420.4,71.0,9.0,143.0,22.0,26772.648716216227,3487.6541541501983,61.0,97.74666666666668,1.0,197971.89698249538,152641.13024999987,4033.275999999999,385835.7589233745,0.0,0.0,1985587.9260235813,0.0,2186.8010000000004,0.0,1987774.7270235813
18,2010,"Metallic wastes, mixed",Hazardous,,,,,,,,,,,,,,,,,,,,,,,,,
19,2010,"Metallic wastes, mixed",Non-hazardous,1474.5023682577441,19278.0,26180.98190090532,135.29184805199662,5209.446671148174,3614.0367582439117,2176.9607411779007,5582.802978927284,4129.686163362077,185481.2009856221,54216.06118376207,21752.58641306181,9783.150348826246,90.6230938669382,1139712.40323387,2464443.37301049,366569.2063,4309830.313999574,0.0,0.0,4693537.607563815,0.0,1516.0579230769233,19278.0,4714331.665486892
20,2010,Glass wastes,Hazardous,0.0,0.0,28.0,0.0,2.0,103.904,0.0,30.0,576.52,0.0,0.0,0.0,0.0,0.0,0.0,70.0,0.0,810.424,0.0,0.0,0.0,0.0,561.52,0.0,561.52
21,2010,Glass wastes,Non-hazardous,0.0,0.0,20560.5308675714,17.477249897631413,44.93876070656545,99.5286439611452,4.01829384640714,2367.228692689408,42552.99420189585,118.83254370337893,136.25296831265757,2591.717297920513,9.0284006731764,0.0,15511.222999999994,495256.6966837439,867974.1879999994,1447244.6556049213,0.0,0.0,1632861.0866190474,0.0,23561.47,0.0,1656422.5566190474
22,2010,Paper & cardboard wastes,Hazardous,,,,,,,,,,,,,,,,,,,,,,,,,
23,2010,Paper & cardboard wastes,Non-hazardous,9271.492307692308,0.0,107165.68544683613,10977.025862577866,2765.048400467621,1062270.0651639383,444.22598586798136,51491.194062489485,9068.79194875195,16323.258496610772,51709.52759496297,30761.00315304805,2654.353034186126,687.2649844231012,3.30502,4978904.232100558,1512558.3559999994,7847054.82956241,73.73,467.69,3504950.2498356975,0.0,3677.9223076923076,0.0,3509169.5921433894
24,2010,Rubber wastes,Hazardous,,,,,,,,,,,,,,,,,,,,,,,,,
25,2010,Rubber wastes,Non-hazardous,29580.480000000003,0.0,27.18508844835485,0.0,4.489017511591149,3.2,3.0,5384.5655004659,7.784876452862677,197.43120393785838,27.305716299032692,0.0,11.706706063720453,1.0,0.0,227084.67304993945,11949.87,274282.6911591188,105182.0,0.0,49910.79640420908,0.0,5715.79,0.0,160808.58640420908
26,2010,Plastic wastes,Hazardous,,,,,,,,,,,,,,,,,,,,,,,,,
27,2010,Plastic wastes,Non-hazardous,138363.8780132261,0.0,41703.902771981804,5980.448205305873,2736.3146860491597,17095.130792799504,4215.729782280701,124336.74029105635,3609.455706876629,7118.345628036159,21810.100636882988,16454.610863154692,916.8648978361674,2128.0634670683894,46971.689,686496.1619454399,115349.6774999999,1235287.1141879943,0.0,0.0,837103.5339411766,0.0,53855.44930769232,0.0,890958.9832488687
28,2010,Wood wastes,Hazardous,0.0,0.0,28.884064739408522,3.164459897350804,207.81357357177157,57.18312315666895,0.5123318519340245,45.568508148876965,14.912107421478574,73.11602547759117,65.89716334419316,199.26043329620117,4.589660897115753,0.8728606171179462,0.0,594.7086875802912,0.0,1296.483,0.0,0.0,300.0,0.0,40.38,0.0,340.38
29,2010,Wood wastes,Non-hazardous,0.0,0.0,31060.403627578908,3378.454949754576,361197.4264556217,54517.476244638005,495.4380723799232,48447.56873464032,10787.77182146445,62573.60069433462,70373.08054853076,45173.05107722734,2984.8242177515485,799.4487438523652,533368.6606630897,1128529.6823149004,742885.3564999996,3096572.2446657643,247624.0,0.0,2799056.6715159486,0.0,67151.16,0.0,3113831.8315159488
30,2010,Textile wastes,Hazardous,,,,,,,,,,,,,,,,,,,,,,,,,
31,2010,Textile wastes,Non-hazardous,0.0,0.0,2541.604635573452,17480.456115067656,3.215097997892519,301.0277482133378,9.0,343.0009597433133,1.9337465136396208,167.1393700738194,469.9277055262128,2062.2735078113287,18.296830115953924,0.0,0.0,14871.602197967286,139265.66939999972,177535.14731460364,0.0,7417.0,113630.53299999994,0.0,9050.09,0.0,130097.62299999995
32,2010,Waste containing PCB,Hazardous,0.0,0.0,0.0,0.0,0.0,0.0,0.0,0.0,0.0,0.0,4146.195248489249,0.0,0.7492291880781089,0.0,70.96000000000002,99.37304415635681,0.0,4317.277521833684,0.0,0.0,0.0,0.0,23.7,0.0,23.7
33,2010,Waste containing PCB,Non-hazardous,,,,,,,,,,,,,,,,,,,,,,,,,
34,2010,Discarded equipment,Hazardous,15.457789614040545,0.0,1036.3634536876013,1492.4841895716613,33.635479713173076,2809.857475681653,13.888444311036901,994.7472244551897,249.77987286904167,1687.0508492646768,1222.7773033271808,2240.416905587026,176.32749096440426,40.64165949209333,0.0,76352.68954847178,344242.40079999965,432608.5184870102,0.0,0.0,90868.21445,0.0,2195.66,0.0,93063.87445
35,2010,Discarded equipment,Non-hazardous,0.0,0.0,1029.7076792081848,1138.300900297275,31.13489142269695,2187.946743506628,10.699878835029386,446.75032186234637,319.89516224713805,687.7779320740503,967.2166936541264,1981.4756427782495,252.15314153757538,48.363745686449576,0.0,74120.41814981987,0.0,83221.84088292962,0.0,0.0,178740.365307563,0.0,4190.67,0.0,182931.03530756306
36,2010,Discarded vehicles,Hazardous,11611.02,0.0,9.565,0.0,0.0,0.0,0.0,14.915482445112914,0.0,77.22708795734268,0.0,0.0,9.6,0.0,0.0,1158061.9330436024,306.9699999999999,1170091.230614005,0.0,0.0,0.0,0.0,0.0,0.0,0.0
37,2010,Discarded vehicles,Non-hazardous,0.0,0.0,9.565,0.0,0.0,0.0,0.0,1.0,0.0,0.0,0.0,0.0,18.980472764645427,0.0,0.0,332322.3691601156,280.16400000000004,332632.07863288024,0.0,0.0,0.0,0.0,0.0,0.0,0.0
38,2010,Batteries & accumulators wastes,Hazardous,4222.865835897435,0.0,12.528432489562617,2.488982950850593,8.930778152341473,0.4172655960390286,2.049412461039691,133.55674602218537,1.4888014647213144,75.72400098895386,1304.338673935316,5.262769330889327,53.934252866387574,0.6593049732136838,0.0,87549.91788210507,9987.172999999997,103361.336139234,0.0,0.0,9156.505488821216,0.0,60.1,0.0,9216.605488821217
39,2010,Batteries & accumulators wastes,Non-hazardous,0.22564102564102564,0.0,1.87751051039354,0.9584468525495448,1.063842338440028,0.574452188000057,0.031806420438303014,26.374609676372124,0.3146377365275556,0.8595165774660602,171.23713054825484,40.9954042299378,102.04381452104931,0.42438953118028255,0.0,16628.117191712434,1298.0899999999986,18273.188393868684,0.0,0.0,1428.5570000000002,0.0,84.81128205128206,0.0,1513.3682820512824
40,2010,Animal & mixed food waste,Hazardous,,,,,,,,,,,,,,,,,,,,,,,,,
41,2010,Animal & mixed food waste,Non-hazardous,31586.92343522085,0.0,1501227.642133216,1.0,0.0,404.0,1.0,1337.5733333333333,2.6803237500000003,3004.16,385.69470598888887,50.17,7744.036866976362,0.0,0.0,839644.2301779181,343787.21400000004,2729176.324976404,78167.98,452402.675,799004.9289895026,0.0,66956.3836,9043.883435220852,1405575.8510247238
42,2010,Vegetal wastes,Hazardous,,,,,,,,,,,,,,,,,,,,,,,,,
43,2010,Vegetal wastes,Non-hazardous,0.0,0.0,365108.20081148704,0.0,11.5154,581.097,4.0,297.0,3.467879999999999,1.0,50.80000000000001,3.0,152.57,1.0,0.0,208130.05737185024,3954758.237900002,4529101.946363339,0.0,45384.0,4919997.088194661,0.0,162752.88,0.0,5128133.968194661
44,2010,"Animal faeces, urine & manure",Hazardous,,,,,,,,,,,,,,,,,,,,,,,,,
45,2010,"Animal faeces, urine & manure",Non-hazardous,0.0,0.0,7919.141743384834,0.0,0.0,0.0,0.0,0.0,0.0,0.0,0.0,0.0,0.0,0.0,0.0,1721.7460788057779,0.0,9640.88782219061,0.0,408932.0,8136.35,0.0,3827.78,1643.0400000000004,422539.17
46,2010,Household & similar wastes,Hazardous,,,,,,,,,,,,,,,,,,,,,,,,,
47,2010,Household & similar wastes,Non-hazardous,2546.8751089093134,0.0,576040.2036993235,16751.38210015339,14133.658972112558,192444.03606953184,667.117405304815,555001.9479349861,28337.102362635625,363853.9608822495,213957.27753895192,38671.972584012656,11160.799098125923,98.54361446537204,0.0,11415946.489734685,16385596.352600005,29815207.71970545,15810.73,4106616.06,774350.79,0.0,13867715.497000001,2546.8751089093134,18767039.95210891
48,2010,Mixed & undifferentiated materials,Hazardous,0.0,3171.0,968.4562540300767,88.48551512762003,260.326355119626,347.18840291190077,59.44818657325203,1253.3169938233466,151.6948152445581,623.5128337346931,1829.4896210547504,121.98790246199115,341.63687299103816,13.566157289499051,10123.435,8129.1106968696195,0.0,27482.655607231973,0.0,4619.0,2012.09,0.0,62603.21010000002,3171.0,72405.30010000002
49,2010,Mixed & undifferentiated materials,Non-hazardous,7085.76923076923,15812.0,350400.8999805836,5216.1857235499965,9263.264268528665,173973.05036947678,1753.1437486010445,1244986.0032522914,12374.721716627024,73936.7092479136,32674.495688500323,14693.635356375169,14164.353965415212,1925.541843068347,9688.8755,827917.785005572,2371983.7969999984,5167850.231897271,836.53,147889.94499999998,361480.60946089466,1856.631332813718,446678.4152307693,15812.0,974554.1310244777
50,2010,Sorting residues,Hazardous,0.0,0.0,1.0,0.0,0.0,100.0,2.0,1306.0,0.0,10.0,1115.395,0.0,0.0,0.0,0.0,4706.405,0.0,7240.799999999997,0.0,0.0,87.0,0.0,52667.529,0.0,52754.529
51,2010,Sorting residues,Non-hazardous,0.0,0.0,2368.290575590715,0.0,0.0,6444.726002383492,2.0,4711.021872721367,468.707416272062,6700.764690301742,447.004,1.0,262.47797605344294,847.9493243243245,112645.27953599999,18165.565,0.0,153064.78639364714,208137.66,12216.34,279692.815,14787.0,11141350.174,0.0,11656183.989
52,2010,Common sludges,Hazardous,,,,,,,,,,,,,,,,,,,,,,,,,
53,2010,Common sludges,Non-hazardous,0.0,0.0,56447.71556504979,41.647945726127226,91.32728251438351,2583.7572563579292,11.62241248002462,1792.3852603750254,450.0693866745429,2789.164693014397,1045.737632237382,98.62740785365676,655.2200373731044,210669.87854940057,0.0,149098.7091936665,0.0,425775.86262272345,9532.8,249561.0,1166956.0233138537,21732.0,39910.71000000001,103582.38528771428,1591274.918601568
54,2010,Mineral waste from construction & demolition,Hazardous,0.0,0.0,203.0,0.0,83.03799999999998,1.0,26.0,1067.1222222222225,90.0,35.0,105.464,11.0,427.4608,0.0,349303.3198763759,55.0,0.0,351407.4048985981,0.0,56.92,68335.0529510126,0.0,18566.22,0.0,86958.1929510126
55,2010,Mineral waste from construction & demolition,Non-hazardous,0.0,0.0,811.0732087574567,36.0,3008.963,67.0,16.0,6571.11669262359,16723.552368625442,28781.305443849888,702.7806193902901,66.0,1886.658566666667,1371.8505067567567,55773442.62157324,114064.3835465756,174129.917,56121679.22252649,0.0,0.0,49075105.89520703,1783998.7449049375,2072396.78,0.0,52931501.42011196
56,2010,Other mineral wastes,Hazardous,0.0,187.0,761.347739376273,0.06473663277859804,21.647243488986955,6.762848532756869,18.853182709429635,1047.0145577949713,1561.1690831416165,38112.46513020724,150.91726289628858,36.885407072065995,1805.6510834103933,80.76673538443838,43858.04831000001,2509.123695291487,429.71,90587.42701593871,0.0,0.0,230.9095,0.0,255227.277,187.0,255645.1865
57,2010,Other mineral wastes,Non-hazardous,0.0,17612600.0,50091.86864383953,33.618483055424576,88.30388254320471,6.130234357528293,736.1887815860471,104935.86418751607,164492.40971073706,129926.89793149568,27331.03569135722,33.845169213022885,1590.3925120943518,5376.947964024158,15.0,11733.770956930237,0.0,18108992.274148747,0.0,0.0,416953.3296951871,307297.49890183983,580473.563,17612600.0,18917324.391597025
58,2010,Combustion wastes,Hazardous,0.0,0.0,4.0,0.0,0.0,3042.0,0.0,2.0,14105.655,7702.759666666668,0.0,0.0,11211.847,0.0,0.0,0.5090800000000001,0.0,36068.77074666666,0.0,0.0,10191.521,0.0,539169.78,0.0,549361.301
59,2010,Combustion wastes,Non-hazardous,0.0,0.0,13.0,0.0,71.5,71.0,0.0,79.67636363636362,5194.112501076193,253935.29435294122,26.06996562106297,25.188928,2821773.481297019,39.0,0.0,10338.0,0.0,3091566.323408293,670.0,0.0,173451.1092184874,46631.75416074458,2466287.892,0.0,2687040.7553792316
60,2010,Soils,Hazardous,0.0,0.0,0.0,0.0,0.0,0.0,445.185,13.6875,0.0,0.59,0.0,0.0,0.0,0.0,282281.6041143256,4391.244229817246,0.0,287132.31084414286,0.0,0.0,36903.68523654936,0.0,205724.16,0.0,242627.84523654933
61,2010,Soils,Non-hazardous,0.0,0.0,55.85185185185185,0.0,0.0,0.0,0.0,2876.25,2888.4959999999987,49.45,0.0,0.0,85351.18666666668,0.0,43191065.6626729,428699.55676000006,14075.27,43725061.72395142,0.0,0.0,9857087.772117648,14265496.267061228,15889073.426,0.0,40011657.46517888
62,2010,Dredging spoils,Hazardous,0.0,0.0,0.0,0.0,0.0,0.0,0.0,0.0,0.0,0.0,0.0,0.0,0.0,0.0,2670.2408376963353,0.0,0.0,2670.2408376963353,0.0,0.0,316.78429319371725,0.0,17329.110837696335,0.0,17645.89513089005
63,2010,Dredging spoils,Non-hazardous,0.0,0.0,72.90528100643087,0.0,0.0,0.0,0.0,266.2194523020249,0.0,0.0,0.0,0.0,0.0,0.0,15357152.293552468,0.0,0.0,15357491.418285776,0.0,0.0,2202.607504363001,261.7801047120419,350471.4814712042,15250013.584252292,15602949.453332573
64,2010,Mineral waste from waste treatment & stabilised waste,Hazardous,31501.99166666666,0.0,0.0,0.0,0.0,0.0,0.0,9.0,3849.0,117.63260852591213,0.0,0.0,0.0,0.0,0.0,157.19599999999997,0.0,35634.82027519258,0.0,0.0,11.46,0.0,124024.79,0.0,124036.25
65,2010,Mineral waste from waste treatment & stabilised waste,Non-hazardous,0.0,0.0,1041.0,0.0,0.16559999999999994,0.0,0.0,0.0,152.0,21.0,5.729027122504323,0.0,0.0,0.0,23811.1846,4888.808603683601,0.0,29919.887830806103,6929.0,0.0,5544.034,51183.699712802765,1489687.3590000004,0.0,1553344.092712803
66,2012,Spent solvents,Hazardous,29.4,1262.45,567.9809122571407,53.66572590528366,1618.5193308868427,2033.3203255315634,544.4972057522632,116659.9635726616,83.10965329578926,961.0710080557359,1071.3275717630106,171.9269862361189,74.5306051966708,30.025788164999625,2496.0416666666665,3554.6727429916323,0.0,131212.50309536533,0.0,0.0,47.933,0.0,11.58,0.0,59.513
67,2012,Spent solvents,Non-hazardous,,,,,,,,,,,,,,,,,,,,,,,,,
68,2012,"Acid, alkaline or saline wastes",Hazardous,1.11,141.64,2900.814325340651,303.72644860269673,44.25593783403389,6580.35005894323,16636.355390841207,48169.167475498776,2309.664318095409,25310.072877394337,8304.31745295275,914.2458605212579,114.65655502654629,390.6643457409625,0.0,13182.848153987652,0.0,125303.88920077954,0.0,0.0,55951.029,0.0,1220.984,0.0,57172.01299999999
69,2012,"Acid, alkaline or saline wastes",Non-hazardous,0.0,6.07,3484.608019057742,1.8419507567251827,16.956513833022704,7139.529204920922,152.85530541763083,51425.55549634608,2586.0255901212004,19183.11858179872,5112.099524931544,1000.6744434194133,31.16474513722881,129.10173522579151,0.0,8176.151992208575,0.0,98445.75310317459,0.0,0.0,1927.192,0.0,75310.24,0.0,77237.432
70,2012,Used oils,Hazardous,35755.49064660372,29550.944,4861.4540184858315,322.5225649902739,191.66646688063832,3340.7954161321727,3609.581598513575,42757.03996534229,15491.543740563771,28274.57898997884,20128.607388266115,3346.33755211766,26080.250190216644,72.56889355561398,1.579090909090909,121185.41625149026,6292.543999999996,341262.92077404645,101054.0,1285.0,27845.525,0.0,533.5,0.0,130718.025
71,2012,Used oils,Non-hazardous,,,,,,,,,,,,,,,,,,,,,,,,,
72,2012,Chemical wastes,Hazardous,157980.9379320425,22451.697,2056.98531152365,2324.9623318554027,4795.3002354489445,26847.1717919372,7370.955092953597,388515.1186303558,3898.668126323832,78212.48646363722,21409.05863647981,1904.1552972107413,5458.1817048282455,918.0384493452494,289.639,86618.91992810012,2503.923000000001,813556.1989320422,0.0,131248.405,35555.776856,0.0,4027.552,0.0,170831.73385599998
73,2012,Chemical wastes,Non-hazardous,102.97,269.399,674.4574687356904,2984.259257103709,343.50685162245094,13524.175048925294,3578.088775155577,86781.37898636873,2819.102728145905,42866.73409859185,5059.120491930064,1255.1315921971018,436.70038967275167,199.0579463095493,84.0995,36655.316365241364,5254.752,202888.25050000005,0.0,0.0,105526.059,0.0,27483.35900000001,0.0,133009.418
74,2012,Industrial effluent sludges,Hazardous,68.49,57650.421,5760.127360783245,173.28363912596382,393.06241746662096,6299.010967431467,1362.9899144006247,6289.889921195075,302.52696038244216,4559.777137333748,833.5414599158723,21.962876644431113,1186.0114651476974,1447.7955828037725,98.70822,1981.9046646417598,0.0,88429.5035872727,0.0,0.0,40811.11555,0.0,1103.3058600000004,0.0,41914.42141
75,2012,Industrial effluent sludges,Non-hazardous,0.05,4281.322,101335.10048804084,1569.5388119218835,465.57719375848893,104233.43861976318,1371.2871349813886,39544.48396619048,10129.796312181266,26431.679790190134,3758.914322406357,218.12231986754344,6204.150068126352,14055.448273360847,0.0,12089.33724921133,0.0,325688.24655000004,4252.0,3991.0,20428.83533,190.5552,30454.301710000003,0.0,59316.69224
76,2012,Sludges & liquid wastes from waste treatment,Hazardous,0.0,0.0,0.0,1.0,0.0,1.0,29.0,1796.79,2413.0,3.0,175.0,0.0,0.0,5.05,0.0,168.0,0.0,4591.84,10904.35,0.0,16.116300000000006,0.0,10241.762,0.0,21162.2283
77,2012,Sludges & liquid wastes from waste treatment,Non-hazardous,0.0,0.0,0.0,0.0,7.96,0.0,0.0,0.0,0.0,0.0,0.0,0.0,0.0,423.12,0.0,139.21,0.0,570.29,0.0,0.0,92105.4722,1675.3338,103009.4405,0.0,196790.2465
78,2012,Health care & biological wastes,Hazardous,30.051219825893856,23.224,7025.3312,9.3552,2.0285,8.059999999999999,2.1,804.775111111111,11.462,52.96132070707071,697.466024122807,43.39834285714285,3129.4652,16.81,0.0,206377.90963680984,0.0,218234.39775543386,0.0,106982.385,8.44,0.0,6.86,0.0,106997.685
79,2012,Health care & biological wastes,Non-hazardous,1458.8026590998986,13.06,19.5899,2.021,0.53,4.058999999999999,0.0,27.177611111111112,2.8346666666666662,4.240818181818182,9.757105263157895,3.6925714285714286,0.656,0.27,0.0,146791.55000000005,300.0,148638.24133175128,0.0,6167.422,111.35,0.0,123073.9922,0.0,129352.7642
80,2012,"Metallic wastes, ferrous",Hazardous,,,,,,,,,,,,,,,,,,,,,,,,,
81,2012,"Metallic wastes, ferrous",Non-hazardous,4335.47,2658.16,6662.92,32.9891322966933,0.0,0.0,0.0,1.8,1273.0,248847.63922937284,9012.808956769424,14.383681561081223,3.45,1280.05,1375410.3767188694,1142065.372,18260.208011562107,2809858.6277304315,0.0,0.0,9008028.109000003,229660.92,4936.926,0.0,9242625.955000004
82,2012,"Metallic wastes, non-ferrous",Hazardous,,,,,,,,,,,,,,,,,,,,,,,,,
83,2012,"Metallic wastes, non-ferrous",Non-hazardous,1184.64,379.65,6471.15,0.0,187.25,0.0,0.0,306.8,0.0,39009.01263835589,7759.816361644123,0.0,1494.71,1346.91,290618.4359999998,142365.09100000007,5135.820086026415,496259.28608602635,0.0,5140.0,1579064.883,2823.33,1819.55,0.0,1588847.763
84,2012,"Metallic wastes, mixed",Hazardous,,,,,,,,,,,,,,,,,,,,,,,,,
85,2012,"Metallic wastes, mixed",Non-hazardous,16227.949105874071,22302.246,36411.8934929392,306.24606705424,11746.746329690257,4310.323926772297,1525.5451006198284,11942.614452917896,9331.001661882296,224026.6689887652,67125.18187977516,10429.925473464646,7271.204430655466,7631.638114056945,547911.4330000001,2626442.1899280865,303952.6660215821,3908895.473974136,0.0,0.0,4175681.961,0.0,386.706,0.0,4176068.667
86,2012,Glass wastes,Hazardous,0.0,0.0,0.0,0.0,0.0,0.10799999999999997,8.22,23.716222222222218,4024.449,0.0,9.866666666666669,0.22,0.0,0.0,0.0,0.728411924119241,0.0,4067.308300813008,0.0,0.0,0.0,0.0,4020.54,0.0,4020.54
87,2012,Glass wastes,Non-hazardous,97.57,1014.32,7904.068460732158,37.959141923107595,3571.044305874985,126.89825078253496,0.057904244755649335,3844.21328029616,51527.051452165535,140.98781010599038,266.64888112349774,1797.670134403984,226.31528955738014,97.57,88065.37899999999,516548.75198609615,734441.0421148541,1409707.5480121602,0.0,0.0,1706977.0374883718,210.9,38152.493,0.0,1745340.430488372
88,2012,Paper & cardboard wastes,Hazardous,,,,,,,,,,,,,,,,,,,,,,,,,
89,2012,Paper & cardboard wastes,Non-hazardous,7938.471934672915,2932.61,74178.63306388688,8593.929949754644,3971.873619438444,1011620.1696089128,440.4928548676768,42974.8442902215,6487.507910761386,13897.972028230577,48603.67989171654,39192.91760937409,2202.486929703872,1065.7959131382554,18674.24,4423455.056491269,1350236.7685677174,7056467.450663665,0.0,334.229,4390777.061000001,0.0,4861.896000000002,0.0,4395973.186000001
90,2012,Rubber wastes,Hazardous,,,,,,,,,,,,,,,,,,,,,,,,,
91,2012,Rubber wastes,Non-hazardous,12733.553223087469,0.0,57.6,0.0,0.0,0.0,0.0,2004.151111111111,0.0,10.295,207.3333333333333,1649.45,1.6900000000000002,2.5333333333333328,1043.685800865801,282328.6874761225,9597.688000000004,309636.6672778536,135331.58,0.0,27536.403,0.0,1995.2200000000007,0.0,164863.20299999998
92,2012,Plastic wastes,Hazardous,,,,,,,,,,,,,,,,,,,,,,,,,
93,2012,Plastic wastes,Non-hazardous,138577.06901176163,1681.59,48264.83769701023,5649.973121045627,4659.095629887476,22746.35712303133,5882.951541563186,123373.3800414701,4313.044946614699,39423.41733849392,35703.00967361632,29983.144841132416,1155.9889347873527,3173.77671141405,79837.733,690643.0324674172,136957.03209119866,1372025.4341704443,0.0,0.0,390807.45947826095,220.0,122432.694,0.0,513460.1534782609
94,2012,Wood wastes,Hazardous,0.0,0.03,13.800479154824115,1.1333471994362572,1575.0537442367734,24.409640057168684,0.021589155765439558,12.920211707921476,2.2912693466674567,21.706420971088406,24.776841062229337,288.1190635541667,0.06698673251039614,0.03678148011555551,0.0,1040.8508569797502,0.0,3005.217231638417,0.0,0.0,0.0,0.0,22.92,0.0,22.92
95,2012,Wood wastes,Non-hazardous,208.41,6938.41,33966.64163588936,3301.5016257585708,192759.0028590501,79089.80125010487,473.1745185411434,43701.852691041764,7375.828185838792,63514.17502280082,65996.66980401441,47566.616353972575,1726.2045505165802,954.8716100297606,628146.6790000001,1103633.5358501123,770401.4219608615,3049754.7969185323,347465.85,0.0,2581136.134,62166.8,25466.074,0.0,3016234.858
96,2012,Textile wastes,Hazardous,,,,,,,,,,,,,,,,,,,,,,,,,
97,2012,Textile wastes,Non-hazardous,70.72,72.91,10022.372558574827,35170.46831258861,70.72,971.336015643551,21.99,663.4181446419617,34.71822925432931,678.1342132426263,1978.8534880144407,2525.4291062538887,107.60890509125376,86.58,134.6,17454.981923393178,111235.83740063221,181300.67829733086,0.0,9723.0,394598.767,0.0,5816.975,0.0,410138.742
98,2012,Waste containing PCB,Hazardous,5.56,52.32,0.38,0.0,0.04,0.0,0.0,2.32,0.0,0.0,4622.430999999999,4.81,28.380000000000006,0.01,251.0908333333333,106.27,0.0,5073.611833333333,0.0,0.0,5297.241000000001,0.0,2039.52,0.0,7336.761
99,2012,Waste containing PCB,Non-hazardous,,,,,,,,,,,,,,,,,,,,,,,,,
100,2012,Discarded equipment,Hazardous,85.84116891162493,493.42,641.733927159152,860.764578243253,41.725107968499366,1597.4508974961059,19.872356874181108,450.7983568935141,239.34236850407956,583.7108903005033,809.9050437072749,1326.0207751134974,245.0410024100511,43.674773729556435,785.587,42162.79605020504,317393.26099999994,367780.9452975162,0.0,0.0,66895.261,0.0,495.035,0.0,67390.296
101,2012,Discarded equipment,Non-hazardous,43.25,492.34,1557.357050131057,2358.6432649293492,95.94255897899124,4465.901224619016,20.345812375916214,942.9205594896891,585.3403256499088,1350.0236666796507,2690.818243729413,3974.63359595674,313.62317854374453,1964.7621453874488,1638.146,115979.85045328373,0.0,138473.89807975464,0.0,0.0,287729.789,0.0,1027.38,0.0,288757.169
102,2012,Discarded vehicles,Hazardous,2910.29,0.0,2934.79,0.0,0.0,0.0,0.0,0.0,0.0,1.0,27.0,7.0,3.55,0.0,78.20295815295815,912425.8334299588,320.2199999999997,918707.8863881119,0.0,0.0,0.0,0.0,0.0,0.0,0.0
103,2012,Discarded vehicles,Non-hazardous,1269.42,0.0,389.234,0.0,0.0,0.0,0.0,0.0,0.0,0.0,0.0,0.0,21.34,0.0,16.8,445645.14299999946,392.6134994994994,447734.55049949896,0.0,0.0,0.0,0.0,0.0,0.0,0.0
104,2012,Batteries & accumulators wastes,Hazardous,4423.4163692307675,235.24,1208.8322886639396,5.323417705647853,16.890421163350567,3.365845332207836,5.963918115907376,108.62762843263168,16.434449912666395,92.0428993104705,1571.686461188872,6.664970546658737,74.99695653091747,65.41599453705915,1077.37,82083.98548165307,7353.237,98349.49410232416,0.0,0.0,87927.63300000002,0.0,14.24,0.0,87941.87300000002
105,2012,Batteries & accumulators wastes,Non-hazardous,2.21,25.14,3.4537872895662347,1.7222784058762113,3.351934951502531,0.43926767931028987,0.057154458740608524,47.816834281318854,0.5653874055235272,215.5072281454507,185.0327136989284,3.808269263751971,4.295289397197756,1.1026055876624068,152.58874999999995,3445.6793638640297,195.1844178416736,4287.955282270533,0.0,0.0,969.327,0.0,0.0,0.0,969.327
106,2012,Animal & mixed food waste,Hazardous,,,,,,,,,,,,,,,,,,,,,,,,,
107,2012,Animal & mixed food waste,Non-hazardous,25109.03018500355,5707.57,1192756.2076666672,0.0,111.76,0.0,0.0,167.84,21.91217169058361,28.083333333333336,474.65782830941635,0.0,79.84,382.53,89.54,696054.5326067354,491494.25424999994,2412477.7580417395,132380.91999999998,256260.297,1046821.1120000001,0.0,105666.899,0.0,1541129.228
108,2012,Vegetal wastes,Hazardous,,,,,,,,,,,,,,,,,,,,,,,,,
109,2012,Vegetal wastes,Non-hazardous,16549.46,401.2,709225.5247666666,0.0,353.96,721.5520953441002,0.0,405.22,6.335933319555878,78.518126984127,191.07805466967716,21.5935,431.961,372.84,7032.6113456145995,221627.1,4236260.127749998,5193679.082572596,43114.0,0.0,4184948.8649999993,1014.54,124647.26400000001,0.0,4353724.669
110,2012,"Animal faeces, urine & manure",Hazardous,,,,,,,,,,,,,,,,,,,,,,,,,
111,2012,"Animal faeces, urine & manure",Non-hazardous,133566.19,0.0,21189.5,0.0,0.0,0.0,0.0,0.0,0.0,0.0,0.0,0.0,799.1999999999998,0.0,0.0,975.568,0.0,156530.458,413529.0,0.0,40560.695,175.22,2812.36,0.0,457077.275
112,2012,Household & similar wastes,Hazardous,,,,,,,,,,,,,,,,,,,,,,,,,
113,2012,Household & similar wastes,Non-hazardous,2235.6194053887552,32689.66,497273.37516753026,4646.802589987209,22893.07257438768,162869.6510029799,1696.7545726574524,466307.6238295107,7602.973303259862,330259.02450067154,178553.19040080992,13484.626927506943,8728.470451695543,11397.524404209702,67821.77,8936816.702004049,15181600.660671595,25926877.50180624,0.0,5190391.604,435893.97799999994,5686.3,10562157.057,0.0,16194128.939
114,2012,Mixed & undifferentiated materials,Hazardous,153.05,1797.272,1363.6487577874307,134.83639922732425,216.2856620589972,424.86898402823584,73.66968417874598,1149.844166668521,96.35509878708164,405.84075864917776,1036.1144260502963,123.07104318756045,403.0922536487136,296.14562512001265,1.3066666666666666,12780.673622847884,0.0,20456.07514890665,0.0,0.0,509.311,0.0,1254.5,0.0,1763.811
115,2012,Mixed & undifferentiated materials,Non-hazardous,15457.60961862648,38796.34800000001,115989.79678780494,13893.303894691271,3415.998805218345,145334.76234143114,245.5747716961756,2101949.7474793447,6346.318854034982,11845.261390843049,17928.066033183997,10192.575730905926,1568.8152753719212,16265.176166665657,3457.345,292800.5140811457,2705089.4040000043,5500576.618230969,64645.0,431.402,237198.509,2697.0,385800.783,0.0,690772.6939999999
116,2012,Sorting residues,Hazardous,0.0,11.85,0.0,0.0,0.0,0.0,0.0,6.0,1.0,472.0,69.0,0.0,0.0,0.0,0.0,2269.707219512195,0.0,2829.557219512195,0.0,2.9799999999999995,3508.995,0.0,74214.315,0.0,77726.29
117,2012,Sorting residues,Non-hazardous,0.0,1.12,1190.9195,0.0,754.3859999999999,1048.922,62.26,2139.8272222222226,243.9,2973.020365079365,529.4923245614036,1239.5314285714285,406.9300309523809,50.49,8747.0,31461.164615882713,0.0,50848.96348726951,302423.74,6267.4,561396.499,55642.83,9595781.061,0.0,10521511.53
118,2012,Common sludges,Hazardous,,,,,,,,,,,,,,,,,,,,,,,,,
119,2012,Common sludges,Non-hazardous,0.65,95.11,85360.5352090207,104.52879318704365,133.56278408901952,9847.106345322904,451.2086386537085,2019.1900522210904,821.2100942816229,2348.283473899486,1708.3964743820402,133.32366817805737,41.86292680848421,1136358.25001038,63.41391411255411,187523.63616681364,0.0,1427010.2685513503,29582.0,197407.0,1298321.72461038,3140.73,36493.532,0.0,1564944.9866103798
120,2012,Mineral waste from construction & demolition,Hazardous,0.0,19.21,1.0,7.0,32.744,6.0,33.67,50.5,91.0,85.655,32.5,26.796,42.2,0.0,296815.628755,1737.6517223947526,0.0,298981.5554773948,0.0,0.0,506.163,0.0,93449.64,0.0,93955.80300000001
121,2012,Mineral waste from construction & demolition,Non-hazardous,0.9,394.39,1041.8333333333333,0.0,8251.851999999999,0.0,88.91,2483.428148148148,4368.178122001344,39463.22700865341,274.12913125001364,0.0,491.6600000000001,596.26,52397933.43524823,20154.912983484144,18643.0,52494186.1159751,0.0,0.0,46777839.91959568,819023.9700000002,2126690.922,0.0,49723554.81159567
122,2012,Other mineral wastes,Hazardous,26846.35154201253,8190.25,1181.6797428469392,21.09678013555104,82.45576366670716,45.97729533516201,446.1053186286513,1885.0935737384782,5950.858823926602,4780.806051746996,1466.9566396870791,14.303598262108565,523.2703474052132,141.8350227029899,21005.915,2989.276041917524,0.0,75572.23154201251,0.0,0.0,14398.663,9241.94,231309.52900000013,0.0,254950.13200000013
123,2012,Other mineral wastes,Non-hazardous,391.81,16770728.847,36281.21553831522,0.504994996516797,439.9404344668572,5.650672215517716,88.66308377961442,115803.85726855569,94378.0424737409,176330.86353315538,419.4076908487474,303.25274981797827,1909.7118481877576,9304.540561810136,1883.75,27626.431502979038,0.0,17235896.48935287,0.0,0.0,1506810.322,258274.18,644065.4929999998,16664373.5,19073523.495
124,2012,Combustion wastes,Hazardous,0.0,0.0,7.0,0.0,3331.16,0.0,19.85,9.0,2468.640000000001,24160.005090909093,45.0,0.0,15775.98,0.0,0.0,9.0,0.0,45825.63509090909,0.0,0.0,7576.026,0.0,11589.33,0.0,19165.356
125,2012,Combustion wastes,Non-hazardous,0.0,0.0,29.82,0.0,30.666666666666664,0.0,0.0,199.7,565.0999999999998,360916.18611048977,0.0,0.3114450657723326,4569074.591999999,0.0,0.0,0.78,0.0,4930817.1562222205,0.0,0.0,29102.654,373491.955,4157175.0852,0.0,4559769.6942
126,2012,Soils,Hazardous,0.0,18.12,89.0,5.0,13.13,1.0,1732.6799999999996,586.0,22.0,2002.2285714285715,82.0,0.0,226.0,38.0,601299.856657873,459.0,0.0,606574.0152293015,0.0,0.0,161019.37866659445,0.0,419429.3179999999,0.0,580448.6966665944
127,2012,Soils,Non-hazardous,4280.87,3438.28,3314.19,0.0,3314.19,4.5,0.0,4785.85,4536.634946463552,464.61505353644776,0.0,0.0,3364.894,3961.9475,42936949.55954413,490034.1145454543,2958.0,43461407.64558959,0.0,0.0,10040914.811086612,12188099.775,17511239.452000003,0.0,39740254.03808661
128,2012,Dredging spoils,Hazardous,0.0,0.0,0.0,0.0,0.0,230.89005235602096,31.31413612565445,810.4712041884818,0.0,0.0,0.0,0.0,0.0,4.0,28.86445026178011,308.57032370021983,0.0,1414.1101666321572,0.0,0.0,5315.239267015706,3562.303664921466,180.7329842931937,0.0,9058.275916230366
129,2012,Dredging spoils,Non-hazardous,0.0,0.0,0.0,0.0,0.0,0.0,0.0,0.0,0.0,0.0,0.0,0.0,0.0,0.0,14718630.714650525,331.79,0.0,14718962.504650522,0.0,0.0,10342.238178955517,7356.649214659685,189077.77486910997,14711098.174650522,14917874.836913247
130,2012,Mineral waste from waste treatment & stabilised waste,Hazardous,0.0,405.14,0.0,216.0,596.43,3059.0,59.0,28.0,4088.0,384.0,7.0,4.0,2678.22,7.0,0.0,69.81,0.0,11601.6,0.0,0.0,400.74,0.0,179767.49399999995,0.0,180168.234
131,2012,Mineral waste from waste treatment & stabilised waste,Non-hazardous,0.0,5.2,0.0,0.0,0.0,0.0,0.0,0.0,0.0,0.0,0.0,219.34,3061.1,0.0,22220.0,124.67,0.0,25630.31,0.0,0.0,22448.39,105557.41,1523821.5750000004,0.0,1651827.3750000002
132,2014,Spent solvents,Hazardous,13.77,3582.53,538.3244469505948,13.046312041949024,112.48407586134071,1459.5492862003275,106.25027187438272,113488.15128876409,67.96300505508991,1205.121176235486,1676.5786634214294,329.62973418946837,27.06394481400529,16.365184165843935,2638.816088355947,4442.080055701823,0.0,129717.72353363175,0.0,0.0,260.81,0.0,15.5,0.0,276.31
133,2014,Spent solvents,Non-hazardous,,,,,,,,,,,,,,,,,,,,,,,,,
134,2014,"Acid, alkaline or saline wastes",Hazardous,1.16,5397.52,2670.363084514181,1.6009096608305586,39.67991521927179,5881.869954693534,15817.409210831373,43094.38738097613,2590.6427168355426,20558.335889266786,8431.662914563138,937.5662165412751,80.61323165677373,137.74982802655714,0.0,13253.201695928428,0.0,118893.7629487138,0.0,0.0,93963.823,0.0,1242.37,0.0,95206.19299999998
135,2014,"Acid, alkaline or saline wastes",Non-hazardous,0.0,15.34,2727.1193052486115,1.3590479259513537,11.773206721735976,4907.554729043554,159.79221043743388,38177.48336719001,1732.482558423114,14087.465387103364,4018.0607226945585,711.0286465800896,22.256476817267295,93.04173908653965,0.0,5860.721592847347,0.0,72525.47899011958,0.0,0.0,2501.689,0.0,35300.672,0.0,37802.361
136,2014,Used oils,Hazardous,30434.482462436546,19247.887,7085.946826881353,76.1931950430435,158.24853226865497,3348.3025729771116,5017.236241818536,50594.298031912986,18863.205381918408,27114.096076261318,17769.611007563246,4049.4236675345815,36079.156835784415,52.430441455469406,1.4413948879516238,111407.34386998024,5800.627295608438,337099.93083433236,0.0,0.0,8399.096269661693,0.0,365.67,0.0,8764.766269661694
137,2014,Used oils,Non-hazardous,,,,,,,,,,,,,,,,,,,,,,,,,
138,2014,Chemical wastes,Hazardous,170746.7084864254,32733.197,942.2003145574192,1520.171041950404,4569.0601818428695,22690.125190362378,7625.692321077022,600510.7574344415,3887.6998716403796,71661.25243402127,15378.569087806309,1897.619004155112,5128.232297053578,509.78397166336003,287.95,80635.66347469427,3073.5129999999995,1023798.1951116913,342.0,134108.93383,34109.74039693715,0.0,2781.094,0.0,171341.76822693716
139,2014,Chemical wastes,Non-hazardous,149.65,350.244,3291.124501114211,1899.888119120932,434.55449619060346,6277.673572506034,2788.871681244292,48036.478348300516,2133.23947156094,23920.220235968427,3698.822337528519,740.4528573375862,276.00408349159176,3725.481220984535,78.19,21545.559269773075,7004.864999999999,126351.31919512126,0.0,75.43358999999998,15760.155254572488,0.0,23769.28,0.0,39604.86884457249
140,2014,Industrial effluent sludges,Hazardous,49.11,68391.755,8395.44401335699,95.14644916021221,73.67517899560173,5982.555901537208,1885.9621280601898,6309.3812037548205,704.8417532887263,4872.160870169718,782.6908595772438,47.43695326028983,2476.3501279164802,956.1233859873289,99.7,2665.0859149351904,0.0,103787.41973999998,0.0,0.0,2061.09232,0.0,22119.617,0.0,24180.70932
141,2014,Industrial effluent sludges,Non-hazardous,0.0,4986.376,101534.63547605091,2226.4076439268647,1693.8061440267154,92987.7549860558,1391.2573548720698,36076.29788031659,7918.20955665929,25361.392823144346,4266.839740525033,237.9816268124152,6232.921310734431,19386.976402041502,0.0,15127.89311483406,0.0,319428.75006000005,5295.08,3411.12,11244.15614,79.6716,94395.498,0.0,114425.52574000001
142,2014,Sludges & liquid wastes from waste treatment,Hazardous,0.0,0.72,0.0,0.0,0.0,0.0,0.0,0.0,0.0,0.0,0.0,0.0,0.0,0.0,0.0,0.0,0.0,0.72,102434.9,0.0,146.61,0.0,12333.02,0.0,114914.53
143,2014,Sludges & liquid wastes from waste treatment,Non-hazardous,0.0,0.0,0.0,0.0,0.0,0.0,0.0,0.0,0.0,0.0,0.0,0.0,0.0,0.0,0.0,0.0,0.0,0.0,0.0,0.0,59845.8494,89.28629999999998,371883.159,0.0,431818.2947
144,2014,Health care & biological wastes,Hazardous,30.86555664877612,6.922,7341.88920678417,1.374774193548387,0.028664468260511125,7.141267420457534,0.10691489361702128,423.3092522842609,1.4692690224400309,36.892064693520325,11.755983616233301,27.29986684755939,2856.6936562856145,0.8530667800935771,0.0,232738.92462181512,0.0,243485.52616575363,0.0,103177.07026,10679.8549,0.0,0.0,0.0,113856.92515999998
145,2014,Health care & biological wastes,Non-hazardous,1471.4084191526754,4.6,33.49328082252522,2.132372311827957,1.060346248969497,6.113433079148041,2.0,318.4109988463639,2.879266787034648,5.091071044388841,27.194648527098575,502.8236406777704,0.59901290847773,0.28435559336452576,0.0,176804.12400000013,1373.6,180555.81484599976,0.0,1317.89279,1362.5821,0.0,134843.2,0.0,137523.67489000002
146,2014,"Metallic wastes, ferrous",Hazardous,,,,,,,,,,,,,,,,,,,,,,,,,
147,2014,"Metallic wastes, ferrous",Non-hazardous,6712.01,2795.06,504.54,35.616506702895634,0.0,0.0,0.0,390.74,0.0,492736.1884208829,9730.621822171182,15.529250242932768,794.03,0.0,1327655.1111607458,855218.3220000002,16150.886962264149,2712738.65612301,0.0,0.0,8794211.682999998,1425.0,23647.331,0.0,8819284.013999999
148,2014,"Metallic wastes, non-ferrous",Hazardous,,,,,,,,,,,,,,,,,,,,,,,,,
149,2014,"Metallic wastes, non-ferrous",Non-hazardous,416.41,514.54,0.0,0.0,0.0,0.0,0.0,0.0,0.0,48065.886777399326,3821.013222600669,0.0,4.47,0.0,385548.29193521367,142289.53699999998,5180.718660377358,585840.867595591,0.0,0.0,1780829.39162,0.0,319.12,0.0,1781148.51162
150,2014,"Metallic wastes, mixed",Hazardous,,,,,,,,,,,,,,,,,,,,,,,,,
151,2014,"Metallic wastes, mixed",Non-hazardous,6554.261801230298,27915.848,12549.078046694452,293.1629340900189,7907.903904050374,4120.638138251793,2030.354094561336,9779.231103300288,9765.50318866165,236508.4351435188,84347.90943719742,12173.139804744493,4532.811131781577,196.97095666681912,485478.04567289463,2414927.569580488,315997.45138026087,3635078.3143183924,0.0,0.0,3536023.27,41.7,2723.761,0.0,3538788.731
152,2014,Glass wastes,Hazardous,0.0,0.0,30.0,0.0,1.0,0.1094483302655798,8.788404255319149,51.1746088375889,19623.181000000004,0.0,11.309123053178055,0.0,0.0,0.0,0.0,118.74131264958702,0.0,19844.303897125945,0.0,0.0,0.0,0.0,19606.62,0.0,19606.62
153,2014,Glass wastes,Non-hazardous,175.57,215.06,13942.341617338503,26.95694829884185,264.9171161052046,74.15209204018963,11.048001701378908,2891.073514840317,27891.319068536104,133.8928859744517,228.99391743283908,1838.8831926574815,153.2549529101239,143.88,86976.34626923599,464295.92077066615,645936.2790607658,1245199.8894085034,0.0,0.0,1665786.7385034838,164.23,62365.387,0.0,1728316.3555034841
154,2014,Paper & cardboard wastes,Hazardous,,,,,,,,,,,,,,,,,,,,,,,,,
155,2014,Paper & cardboard wastes,Non-hazardous,8056.082095865628,1940.3,82037.34784697133,8470.502759478819,4465.730245486785,1023841.4468446791,588.2710872496157,45887.74132451706,6972.006614206491,14311.449818070048,51516.27282957967,41619.10472247817,2348.273424628003,1356.1744023740732,18553.08607039546,4595571.202173278,1209722.1954583856,7117257.187717643,0.0,367.18,4338666.011215764,1.84,5159.691000000002,0.0,4344194.722215763
156,2014,Rubber wastes,Hazardous,,,,,,,,,,,,,,,,,,,,,,,,,
157,2014,Rubber wastes,Non-hazardous,13821.721161974858,6.87,60.256202194878604,0.04747983870967742,2.0,1.1042361531722469,9.0,3224.9363081190204,1.0,46.75723805681756,253.63089659043072,1707.9978648885294,2.1310070938481216,4.668027789593081,1175.975055711038,397390.40833742666,8711.164515779923,426419.6683316175,236345.86,0.0,17263.02132364485,1181.99,6612.129999999999,0.0,261403.00132364486
158,2014,Plastic wastes,Hazardous,,,,,,,,,,,,,,,,,,,,,,,,,
159,2014,Plastic wastes,Non-hazardous,138086.49682079777,760.88,45446.537776695135,5211.725113458613,4201.7382379328055,20822.1739782076,5997.9603904425185,113365.66355612448,4189.761713918818,37427.971541535866,33485.07033225342,28083.03614656889,1136.322456497112,3175.363141543451,57867.2610723898,703347.8512803942,132594.90974064366,1335200.7232994041,0.0,0.0,581257.9761797175,7.33,70022.35,0.0,651287.6561797174
160,2014,Wood wastes,Hazardous,1.77,1.77,4.04208743395075,0.06745872808864116,2018.1006384658858,1.2190076289209422,0.010921691603581715,2.74141177336252,8.14734962369261,1.3691454875235105,1.4047701560605053,35.417062712028475,8.803887774119511,1.7886073039126638,0.0,541.4579978367697,0.0,2628.1103466159193,0.0,0.0,0.0,0.0,1.24,0.0,1.24
161,2014,Wood wastes,Non-hazardous,2106.89,4724.66,33519.17817860391,3372.356398122448,214576.3205113945,71050.3908057586,612.0193253097004,48142.94693636152,7730.382738754897,66512.9477769262,70561.69869566578,49821.9067387019,3768.838165703504,2944.3153957580357,768676.3425480231,1185616.601474767,836639.5427408034,3370377.338430655,627813.92,176716.7,2447481.940741103,80096.11,24502.791,0.0,3356611.461741104
162,2014,Textile wastes,Hazardous,,,,,,,,,,,,,,,,,,,,,,,,,
163,2014,Textile wastes,Non-hazardous,3.43,11.1,2307.3826723264933,17687.602401396172,3.43,243.03597256605443,47.51058510638298,291.8904975565665,32.75824963735614,433.7073028676643,1940.9254383457733,1753.9051445567763,35.83982792409844,20.133258188005108,121.49403002446009,9915.709262018612,138301.9309689771,173151.78561149153,0.0,6560.0,95187.81102312768,0.0,10975.249999999998,0.0,112723.0610231277
164,2014,Waste containing PCB,Hazardous,1.38,3.86,1.07,0.0,0.01,0.0,0.0,2.15,0.0,0.0,4480.578,1.85,0.16,0.0,1.6921345835228163,133.01,0.0,4625.760134583524,0.0,0.0,5247.894,0.0,6.72,0.0,5254.614000000001
165,2014,Waste containing PCB,Non-hazardous,,,,,,,,,,,,,,,,,,,,,,,,,
166,2014,Discarded equipment,Hazardous,172.55223911509617,563.83,1374.27205882892,1684.3507000837876,140.24475406724156,3185.236650488534,32.64054484224847,862.3775197393924,357.7128922759808,1076.4038535112186,1377.218860758347,2959.053543136443,412.52840572776506,154.55444312900119,758.0,78896.47224647667,312762.0304026883,406769.47911486897,0.0,0.0,147894.37686802694,28.9,317.3400000000001,0.0,148240.61686802696
167,2014,Discarded equipment,Non-hazardous,54.04,329.97,1019.7458420142224,1507.4400893070494,86.32986951384373,2859.2715746827594,15.15357417662883,709.1991849972626,467.6869558942482,934.5379132970423,1356.3772693121825,2721.773557429461,240.70871507831833,103.34408135889989,1580.0,83063.4320613497,0.0,97049.01068841162,0.0,0.0,196445.7343,61.7,4611.34,0.0,201118.7743
168,2014,Discarded vehicles,Hazardous,5726.72,0.0,0.0,0.0,0.0,0.0,0.0,0.0,0.0,0.0,0.0,0.0,3.83,0.0,72.05313825496206,828740.6528469728,574.0,835117.2559852275,0.0,0.0,0.0,0.0,0.0,0.0,0.0
169,2014,Discarded vehicles,Non-hazardous,2254.12,0.0,1.7825793149318256,0.0,0.0,0.0,0.0,1.0,0.0,0.0,0.0,0.0,23.4,0.0,16.464186397333908,550025.52562253,474.4245141978889,552796.7169024402,0.0,0.0,0.0,0.0,0.0,0.0,0.0
170,2014,Batteries & accumulators wastes,Hazardous,4323.516394871795,289.15,37.516670397015844,3.1199703052123886,27.12839372346914,0.5703805185961531,8.330564780432676,182.7842060458452,4.743142650298328,55.83539254434687,1725.0262474364265,7.437589359998811,96.36473607091948,22.928699106321808,1039.0,94718.14360300344,8986.022692584778,111527.6186833989,0.0,0.0,94876.32058573865,0.0,0.0,0.0,94876.32058573865
171,2014,Batteries & accumulators wastes,Non-hazardous,6.12,336.44,2.647305337489174,1.2952642881151817,1.1591389373382217,0.3303575867830657,0.042983834123844746,84.70175613779558,0.4252077438967536,207.569072316908,186.98322540146583,2.8737813993582337,4.211740137929553,0.7035285191093568,148.0,3098.7687230599986,241.71432051282048,4323.986405213133,0.0,0.0,822.5143944850975,0.0,155.26,0.0,977.7743944850976
172,2014,Animal & mixed food waste,Hazardous,,,,,,,,,,,,,,,,,,,,,,,,,
173,2014,Animal & mixed food waste,Non-hazardous,24896.910318170358,1756.97,1306181.4959999998,0.0,123.29420445177246,91.0,4.0,907.6797813000496,4.769732964520116,1651.0916853550796,664.1466455958839,97.0,24551.19,759.36,84.11463949722754,969480.7520000004,465427.6135714285,2796681.388578763,129568.0,237931.5726,1253748.1393632593,178.72,117978.10199999998,0.0,1739404.533963259
174,2014,Vegetal wastes,Hazardous,,,,,,,,,,,,,,,,,,,,,,,,,
175,2014,Vegetal wastes,Non-hazardous,15638.78,692.89,908180.3138617707,0.0,664.64,662.7053191710812,15.0,1006.7798906500248,5.393264330002969,76.74558068572723,205.21329465447712,28.35996962349296,770.8650089545296,683.437532964696,6444.007134272812,257162.948,4548966.235181217,5741204.314038295,104.0,0.0,4333928.227577763,16854.39,89252.709,0.0,4440139.326577762
176,2014,"Animal faeces, urine & manure",Hazardous,,,,,,,,,,,,,,,,,,,,,,,,,
177,2014,"Animal faeces, urine & manure",Non-hazardous,127514.91,0.0,27087.645770978823,0.0,0.0,0.0,0.0,0.0,0.0,0.0,0.0,0.0,729.7730433771367,0.0,0.0,2399.5272161045505,0.0,157731.85603046053,494769.0,154691.0,94614.332,139.73,3178.574,0.0,747392.6359999998
178,2014,Household & similar wastes,Hazardous,,,,,,,,,,,,,,,,,,,,,,,,,
179,2014,Household & similar wastes,Non-hazardous,2633.7594053887547,12713.63,479770.66571354406,1631.7360830969324,2797.20653526681,156610.7098539824,3352.9204784237745,464723.12987302494,2673.0461872113488,312541.46303679666,165256.9115802956,7550.595971508333,5216.532108513557,1872.5402366214248,63621.24852188517,8887664.373056652,14807072.978798525,25377703.447440736,23789.41,6114353.4382,617572.5625455175,7122.459,7998971.391,0.0,14761809.260745514
180,2014,Mixed & undifferentiated materials,Hazardous,212.94,2373.461,1393.8555065733533,106.57483999068563,236.535219951046,403.96214662523596,140.0184173705936,1013.4235283928513,165.77463517711706,463.56515959241204,927.096496825306,158.29774727062642,439.07449960765,231.18370973599045,3.2269162258691626,12997.490963212942,0.0,21266.48078655168,0.0,3944.0,15218.21,0.0,363.296,0.0,19525.506
181,2014,Mixed & undifferentiated materials,Non-hazardous,17939.175792229973,5755.352,103735.28859289408,13929.167580741409,3592.904196416003,118189.60143206855,421.8839960070266,668515.1299198881,7049.708094099178,10584.854010411833,20100.80780917751,10931.607861570012,2187.9242401684874,16079.389161105042,3317.0548604392943,351546.32074470236,3326112.3547262535,4679988.525018172,66568.0,1.6567749999999997,228890.20684222344,6623.0,295211.51300000004,0.0,597294.3766172235
182,2014,Sorting residues,Hazardous,0.0,316.02,1.0,0.0,0.0,48.0,7.0,1240.0,0.0,5.0,34.0,0.0,0.0,0.0,0.0,151.9452775147905,0.0,1802.9652775147906,0.0,0.0,2703.135,0.0,40955.02,0.0,43658.155
183,2014,Sorting residues,Non-hazardous,0.0,1.1,2123.4087486420576,0.0,758.7394229183841,2337.9885322114123,6.0,3821.7331348220146,247.7374774310033,2927.0403187528113,984.2366415152163,1285.5290754264927,993.5797887007902,2491.4352360697576,15521.0,39092.05173895341,0.0,72591.58011544334,132825.14,68831.24,709737.894,51972.35,8875466.329,0.0,9838832.953
184,2014,Common sludges,Hazardous,,,,,,,,,,,,,,,,,,,,,,,,,
185,2014,Common sludges,Non-hazardous,712.94,2.08,85551.81482874688,204.08801188770678,16.807422935275284,8431.425818914566,513.5802046878192,1820.376280690806,765.003580654675,3131.5869259160277,2608.4455901396773,199.37554591157482,845.1012432286244,1109835.58,55.453,260532.40726542895,0.0,1475226.0657191426,22054.43,162479.0,1031730.48,5106.936,30733.129999999994,0.0,1252103.9759999998
186,2014,Mineral waste from construction & demolition,Hazardous,0.0,7.22,189.0,0.0,30.92141797197032,0.0,39.269521276595746,777.0774838460263,81.0,15.243451376146789,41.0,46.74713437057992,59.56453192231654,0.0,418588.8115676553,772.8351198183193,0.0,420648.69022823736,0.0,0.0,121153.36724561664,1742.0,17397.98,0.0,140293.34724561663
187,2014,Mineral waste from construction & demolition,Non-hazardous,0.0,199.93,1387.8770831023905,1.0,6322.658070898598,2.0,114.05803191489359,3229.999146636557,10319.432342767861,36166.512979259656,450.5304943044156,113.0,822.4196441446679,477.87111867290514,58263719.41128996,30276.13626699123,0.0,58353602.83646865,0.0,0.0,52395812.71260862,1272312.034,2367263.304,0.0,56035388.05060862
188,2014,Other mineral wastes,Hazardous,25254.079799803505,16415.329999999998,987.8831437952183,0.08855185185664081,51.064876709659224,2.1723548008520224,447.0358359078602,1301.9275072224293,6341.6354266519675,3720.0712142643843,1817.9611939466254,60.68264357808852,461.6568938873475,126.6665998509373,22790.983326317928,2702.512378579396,0.0,82481.75174716806,0.0,0.0,19823.3115,0.0,230320.096,0.0,250143.4075
189,2014,Other mineral wastes,Non-hazardous,75.02,17391377.630000006,18138.377087662204,1.240284527999446,96.54213617909602,2.212862673677288,812.2840211591789,180280.82024888112,81295.24701394819,112027.24595257721,512.604657464717,284.403525953146,1454.380778054628,5543.947108367493,0.0,13035.10665454521,0.0,17804937.062331993,0.0,0.0,26976.132,134500.579,522511.635,17344800.352941178,18028788.698941175
190,2014,Combustion wastes,Hazardous,0.0,0.14,4.0,0.0,3330.2680956306676,86.0,21.222606382978718,2.0,276.37733814805256,13323.006418218889,0.0,0.0,22721.960608791724,0.0,0.0,0.0,0.0,39764.97506717231,0.0,0.0,48078.65700000001,0.0,17825.13,0.0,65903.78700000001
191,2014,Combustion wastes,Non-hazardous,0.0,0.0,12.0,0.0,30.84363836218741,2.0,0.0,0.0,971.08,248763.54487572386,0.0,42.04046306879585,2636699.8839196414,46.0,0.0,12550.0,0.0,2899117.392896797,0.0,0.0,157706.821,242474.64899999998,2446152.49405,0.0,2846333.96405
192,2014,Soils,Hazardous,0.0,53.24,0.0,0.0,2.8362737015663644,0.0,326.983,8.0,0.0,1761.7427837483615,0.0,0.0,0.0,0.0,295798.79351380595,2.0,0.0,297953.5955712559,0.0,0.0,63772.19719355159,5614.93,205927.149,0.0,275314.2761935516
193,2014,Soils,Non-hazardous,6179.96,4984.88,4970.13,0.0,4970.13,4.56034709439916,0.0,6316.526421273541,6081.196005559751,467.5676390107937,0.0,0.0,4987.5196369345285,4993.096980008506,55556469.68482581,365377.8997529762,0.0,55965803.15160866,0.0,1180.36,11132054.441084933,19753056.791030005,21471435.86,0.0,52357727.45211493
194,2014,Dredging spoils,Hazardous,0.0,0.0,0.0,0.0,0.0,234.183,32.44,758.43,0.0,0.0,0.0,0.0,0.0,0.0,746.0093584700937,325.404,0.0,2096.4663584700934,0.0,0.0,1.551,1163.216,858.53,0.0,2023.297
195,2014,Dredging spoils,Non-hazardous,0.0,0.0,0.0,0.0,0.0,0.0,0.0,0.0,0.0,0.0,0.0,0.0,0.0,0.0,12455703.86,0.0,0.0,12455703.86,0.0,0.0,8375.892191850098,6859.024,164807.70200000002,12447467.8,12627510.41819185
196,2014,Mineral waste from waste treatment & stabilised waste,Hazardous,0.0,0.0,0.0,0.0,0.0,0.0,0.0,8.0,3492.0,0.0,0.0,0.0,0.0,0.0,0.0,0.0,0.0,3500.0,0.0,0.0,5676.08,0.0,296768.56,0.0,302444.64
197,2014,Mineral waste from waste treatment & stabilised waste,Non-hazardous,0.0,0.2,971.0,0.0,0.0,0.0,0.0,0.0,138.0,2.0,0.0,0.0,0.0,0.0,42508.0,19.0,0.0,43638.2,95968.24,387952.0,60551.29341765402,111636.47,2054537.496,0.0,2710645.4994176542
198,2016,Spent solvents,Hazardous,10.39,1874.71,612.5285195388478,18.554774241345566,123.44497753828813,1927.159472653536,74.33928446844078,128630.21092286505,79.05078978985459,1523.1281171820233,1779.1988174234814,362.9358123877269,132.23943727353148,12.257346257263595,3179.0535063320685,4536.740506138003,0.0,144875.94228408948,0.0,25115.0,805.43686,0.0,7602.0,0.0,33522.43686
199,2016,Spent solvents,Non-hazardous,,,,,,,,,,,,,,,,,,,,,,,,,
200,2016,"Acid, alkaline or saline wastes",Hazardous,2.62,232.75,2757.7181244984968,1.6572578250357792,42.073697173651716,6068.447106904688,14640.597313232016,44447.569907172176,2743.4684254971908,21073.315112398468,8040.465135579695,937.046530051238,100.6722493110558,138.17747799744944,0.0,13431.96062600775,0.0,114658.53896364893,0.0,0.0,52818.8445,0.0,1538.66,0.0,54357.5045
201,2016,"Acid, alkaline or saline wastes",Non-hazardous,0.0,4.22,1745.5374502623415,0.786258358085897,6.811225718885586,2840.592033924877,173.74185040673999,23737.72044985944,1002.3706055060176,9115.78393262504,2657.5370871437035,411.3557774798516,12.876176465132106,53.8280097491261,0.0,3396.3364667573264,0.0,45159.497324256576,0.0,0.0,2012.417,0.0,31163.590000000004,0.0,33176.007000000005
202,2016,Used oils,Hazardous,28412.851619207064,9167.59,7294.501892321747,81.59282747739142,154.40077503845785,3629.794404261477,4404.9291759997095,54619.09579945068,20893.074962479448,29497.94272594543,16131.209693188874,4184.926494220167,32830.53269147676,46.00767889488488,1.7640096041465525,99226.03469282767,6010.042000000002,316586.2914423939,0.0,3146.0,24793.50952,0.0,239.6,0.0,28179.10952
203,2016,Used oils,Non-hazardous,,,,,,,,,,,,,,,,,,,,,,,,,
204,2016,Chemical wastes,Hazardous,175996.5055271305,16482.049,2538.904970878904,1827.174353371892,5888.267919313864,25316.16463388052,6484.832497334422,608981.818182636,4347.8368935732315,80750.98576964892,17090.386551874122,2024.6463925196051,5675.510743077732,1477.7913242346888,296.58,83783.28257922598,4322.3669999999975,1043285.1043387004,23783.0,1.0,29271.37228,0.0,2783.5510000000004,0.0,55838.92328
205,2016,Chemical wastes,Non-hazardous,164.45,266.829,4018.1863195035535,3740.656399216676,463.1215552356874,5796.353436291176,2167.8897058855227,46073.578432169015,2185.8279181068606,23100.943805143623,3285.012943759272,715.0213902375598,235.72154531079033,319.30750486128886,90.93,19539.47927938057,8513.464,120676.77323510154,0.0,0.0,11311.748,0.0,76851.11600000002,0.0,88162.864
206,2016,Industrial effluent sludges,Hazardous,216.59,50623.53861,8647.05499144342,91.5680720319587,222.86969307609328,6675.700590164968,4172.339204327095,11122.465066654004,612.3539835708015,6967.508564191599,811.9409818134254,39.26872278285622,1444.234717921434,1036.9112833398337,402.29402785007835,3673.873344999029,0.0,96760.5118541666,0.0,91765.0,4299.2504,0.0,7293.415,0.0,103357.6654
207,2016,Industrial effluent sludges,Non-hazardous,0.0,4103.77298,72506.15256671021,2194.7312581464903,1233.6615224929146,64207.06510381251,888.2814051504782,36000.14139223895,8079.6813081763075,19096.79230688563,3051.298297337513,150.7034704015997,7517.663725542112,11128.468256983206,0.0,9802.00406462598,0.0,239960.4176585039,9991.0,0.0,15755.629319999995,1102.46,68228.82900000001,0.0,95077.91832
208,2016,Sludges & liquid wastes from waste treatment,Hazardous,0.0,0.0,0.0,0.0,0.0,0.0,0.0,0.0,0.0,0.0,0.0,0.0,0.0,0.0,0.0,0.0,0.0,0.0,9973.77,78680.0,36.82,0.0,21742.65,0.0,110433.24000000002
209,2016,Sludges & liquid wastes from waste treatment,Non-hazardous,0.0,0.0,0.0,0.0,0.0,0.0,0.0,0.0,0.0,0.0,0.0,15.04,0.0,1393.16,0.0,0.0,0.0,1408.2,0.0,0.0,138896.937,1229.52,444944.17299999984,0.0,585070.6299999999
210,2016,Health care & biological wastes,Hazardous,31.09302024388328,1.761,8528.973013368803,1.3844817204301076,0.03037963726298433,6.980326058374967,0.10425531914893618,426.04462652258485,1.5029925199896828,69.90550004025988,10.62551998934125,28.142260277689576,2739.1806594720315,1.0642662696724796,0.0,192342.23671829386,0.0,204189.0290197333,0.0,88497.06,10570.49633,0.0,0.0,0.0,99067.55633
211,2016,Health care & biological wastes,Non-hazardous,1468.7070540932425,7.9,35.86684358164284,2.187605734767025,0.06395713107996702,6.00563423612937,1.0,333.6729045366125,4.086182099561516,7.120121297377444,22.01979820724798,387.7994826977387,0.5743719037097337,0.3547554232241599,0.0,168928.75299999994,3048.91,174255.0217109423,8624.7,1688.1299999999994,2786.7206,0.0,132335.23,0.0,145434.7806
212,2016,"Metallic wastes, ferrous",Hazardous,,,,,,,,,,,,,,,,,,,,,,,,,
213,2016,"Metallic wastes, ferrous",Non-hazardous,7443.44,2367.71,0.0,11.644829320621138,0.0,0.0,0.0,0.0,372.9,241480.2926695935,3181.4302072887635,5.077293797077086,13.87,55.14,1129526.9372486707,659897.533,16223.92129811942,2060579.89654679,0.0,0.0,8043634.10899999,38205.0,135449.659,0.0,8217288.76799999
214,2016,"Metallic wastes, non-ferrous",Hazardous,,,,,,,,,,,,,,,,,,,,,,,,,
215,2016,"Metallic wastes, non-ferrous",Non-hazardous,1010.22,1067.0,0.0,0.0,0.0,0.0,0.0,88.04,0.0,61738.34425024958,1428.7407497504212,0.0,1.89,0.0,298914.5254004588,109348.17299999998,5257.939701880576,478854.8731023393,0.0,0.0,1677960.7910000014,0.0,247.06000000000003,0.0,1678207.8510000012
216,2016,"Metallic wastes, mixed",Hazardous,,,,,,,,,,,,,,,,,,,,,,,,,
217,2016,"Metallic wastes, mixed",Non-hazardous,8253.885620955145,16915.187,13394.790518518172,228.13357771115955,7909.230690660157,3209.348254902561,1650.3270049717485,9622.522935680676,10108.266994008669,224744.75197313848,63616.71470746029,10825.447140134316,2799.759639818596,89.71479730513774,688085.2151565225,2530242.409737036,374185.345472691,3965881.0512215146,0.0,0.0,4328561.093000009,25.0,550.6800000000001,0.0,4329136.773000008
218,2016,Glass wastes,Hazardous,0.0,0.0,27.0,0.0,1.0,0.1065800683670786,8.569787234042554,48.65788131048152,257.732,0.0,10.110045367382254,0.0,0.0,0.0,0.0,68.75557820089233,0.0,421.9318721811657,0.0,0.0,0.0,0.0,241.3,0.0,241.3
219,2016,Glass wastes,Non-hazardous,246.29,290.34,31339.3170625616,44.81595705019086,367.7345827029074,112.04383939355229,4.087820758450617,3591.5819278096515,26076.622560383057,159.04361900459259,315.0124875763952,1982.493541454838,205.4155108128812,195.4,129164.68167510744,540308.8416809865,603327.1620000001,1337730.884265602,0.0,0.0,1793374.3108181818,526.0,89797.751,0.0,1883698.0618181815
220,2016,Paper & cardboard wastes,Hazardous,,,,,,,,,,,,,,,,,,,,,,,,,
221,2016,Paper & cardboard wastes,Non-hazardous,8424.64657589493,1167.62,98767.5847377571,9794.555859643939,4756.700265540196,1022840.1006208095,604.5750018517421,54949.51911663127,8456.733007923089,17368.997422359782,59515.44375553591,48298.56635808073,2793.2641065425532,1680.706334928679,19999.750177492562,4535548.120288791,1094886.1708781,6989853.054507884,19213.12,320.87,4138298.861,0.0,3209.332000000001,0.0,4161042.183
222,2016,Rubber wastes,Hazardous,,,,,,,,,,,,,,,,,,,,,,,,,
223,2016,Rubber wastes,Non-hazardous,14228.770536646543,3.42,70.17545726637844,0.0,1.0,1.0062660238300132,4.0,3087.4244968489775,1.0,12.215730510318814,236.44757494972168,1827.6488145753353,1.5509070822188626,20.46856940309088,1341.1797018336135,293875.4113452675,8396.935057906965,323108.6544583145,8331.01,111003.0,13885.034000000005,3586.0,4558.84,0.0,141363.884
224,2016,Plastic wastes,Hazardous,,,,,,,,,,,,,,,,,,,,,,,,,
225,2016,Plastic wastes,Non-hazardous,137126.48967488302,766.15,57835.31172994378,6365.446051807771,5372.885024436784,25223.114249334125,7538.513957210202,143654.29995424478,5140.62066451991,40325.09146912996,40973.20290397543,34914.955466262116,1596.4428826624373,4174.032975224382,67445.23450133624,822233.2985088556,127841.6174497867,1528526.7074636137,0.0,2348.0,557035.0499492958,4.0,53386.13500000001,0.0,612773.1849492958
226,2016,Wood wastes,Hazardous,0.0,5.76,2.0548509490739995,0.013786480315547623,1668.9943839044015,0.24912750591054725,0.0022320564079922915,0.1985265609241247,8.030113711658958,0.2798110466604255,0.2870916285131967,22.13223963147635,3.006925614284077,0.0038027581661526414,0.0,821.7725886601932,0.0,2532.785480507986,0.0,0.0,0.0,0.0,0.0,0.0,0.0
227,2016,Wood wastes,Non-hazardous,1038.38,1811.96,31531.992150123227,3482.914101478335,194556.52197768926,69781.26921080452,531.8384241933135,45338.490407222234,8000.286626575443,65864.84054501298,68694.05941842633,51347.42403880042,2333.0699886513594,11492.139004376855,664644.2324893674,1245395.1581379136,894592.2524665435,3360436.828987178,609329.45,745645.32,2439508.2422,137073.0,28290.81,0.0,3959846.8222
228,2016,Textile wastes,Hazardous,,,,,,,,,,,,,,,,,,,,,,,,,
229,2016,Textile wastes,Non-hazardous,5.29,6.46,2088.4407936357834,11706.404676740474,5.29,228.22408847234712,31.925744680851068,279.7140468434351,34.907739086530555,434.5076576533701,1894.764197127531,1799.1179947180246,30.03304910732271,26.12859634198213,141.53565664497472,10224.234435235066,146589.29899999994,175526.27767628766,0.0,0.0,99309.64700000004,413.0,8341.820000000003,0.0,108064.46700000003
230,2016,Waste containing PCB,Hazardous,0.72,4.42,1.22,0.0,0.01,0.0,0.0,2.46,0.0,0.0,318.041,2.13,0.18,0.0,2.0048583663765247,138.82,0.0,470.0058583663765,0.0,0.0,67.95500000000001,0.0,0.0,0.0,67.95500000000001
231,2016,Waste containing PCB,Non-hazardous,,,,,,,,,,,,,,,,,,,,,,,,,
232,2016,Discarded equipment,Hazardous,111.27595806495444,258.14,1881.1459386113613,2614.4208785762826,120.91599786240387,4962.927539452459,38.065198252377954,1091.1693737950443,556.8438662219082,1671.2898165712156,1929.5958058972901,4481.005604462487,458.51419950314727,131.82207457608197,2029.32,114490.02693436752,344105.97072996834,480932.4499161829,0.0,0.0,195467.78200000006,0.0,14.85,0.0,195482.63200000013
233,2016,Discarded equipment,Non-hazardous,54.01,244.17,948.1433429985755,1210.9504722205004,59.92021309377982,2295.6151766712483,11.351340062897966,550.1627998117089,412.13205412950407,780.3566579728715,1065.4828178772227,2244.02709836651,182.78917467480642,74.90146008316842,1907.59,87387.36083338597,12544.0,111972.96344134877,0.0,0.0,235299.0785,0.0,3205.6220000000008,0.0,238504.7005
234,2016,Discarded vehicles,Hazardous,1632.34,0.0,0.0,0.0,0.0,0.0,0.0,0.0,0.0,0.0,0.0,0.0,3.05,0.0,83.49391154481631,988331.1688838096,0.0,990050.0527953544,0.0,0.0,0.0,0.0,0.0,0.0,0.0
235,2016,Discarded vehicles,Non-hazardous,1543.7,0.28,2.076023944130362,0.0,0.0,0.0,0.0,1.0,0.0,0.0,0.0,0.0,21.276905454122574,0.0,18.276199100177546,528497.1150761525,1021.6279999999997,531105.352204651,0.0,0.0,0.0,0.0,0.0,0.0,0.0
236,2016,Batteries & accumulators wastes,Hazardous,4896.309897435897,522.45,24.989731271337746,1.6489518995840915,20.107178827966443,0.2275312850316012,6.1508974157746925,154.32706266359796,4.479222314383643,108.31802745987072,1772.2610073662465,4.2696782953034,162.43070747869493,13.15734863251983,0.0,101656.33676526338,9001.153954825822,118348.6179624354,0.0,0.0,95490.09100000013,0.0,28.0,0.0,95518.09100000013
237,2016,Batteries & accumulators wastes,Non-hazardous,9.3,10.18,7.608005669877458,3.842957629439219,3.10503604866648,0.9801476194626748,0.12752999893878794,103.43121766946459,1.261561334237417,211.3194717336848,402.8679445217088,8.458962154660439,10.431572920288783,1.831618595089595,0.0,7785.927162039417,1393.6340000000002,9954.307187934937,0.0,0.0,677.668,0.0,0.0,0.0,677.668
238,2016,Animal & mixed food waste,Hazardous,,,,,,,,,,,,,,,,,,,,,,,,,
239,2016,Animal & mixed food waste,Non-hazardous,31846.18512686088,415.96,1641001.1930000002,0.0,151.91519373454247,84.0,2.0,862.541902579113,5.438141384789907,1652.2840604825005,359.5334272976852,40.0,12344.89,764.95,93.1933008532087,805211.070335424,561229.774609283,3056064.9290979,32798.25,438240.46,1834331.128,3013.0,180480.04,0.0,2488862.878
240,2016,Vegetal wastes,Hazardous,,,,,,,,,,,,,,,,,,,,,,,,,
241,2016,Vegetal wastes,Non-hazardous,11129.04,1241.02,1326064.4763262996,0.0,2000.29,1397.5583226295687,7.0,1553.6359512895565,12.08672537340925,77.2834418613983,269.6113158623165,26.9263601064188,1326.6050958250958,1261.0186346235644,7341.466775481454,266771.14000000013,4398620.6803907165,6019099.839340068,1706.1,46579.0,4330890.161449994,22772.0,99211.93199999999,0.0,4501159.193449995
242,2016,"Animal faeces, urine & manure",Hazardous,,,,,,,,,,,,,,,,,,,,,,,,,
243,2016,"Animal faeces, urine & manure",Non-hazardous,81325.0,0.0,30338.67450947788,0.0,0.0,0.0,0.0,0.0,0.0,0.0,0.0,0.0,699.7530875683217,14.8,0.0,2043.314054311188,0.0,114421.5416513574,94684.74999999999,517281.0,76545.896,96.0,3292.220000000001,0.0,691899.8659999999
244,2016,Household & similar wastes,Hazardous,,,,,,,,,,,,,,,,,,,,,,,,,
245,2016,Household & similar wastes,Non-hazardous,2938.5227720328444,3096.74,629337.605697229,1734.0467225553184,1773.6070816084693,204145.96118806853,2507.0183920973623,606039.8776649737,2794.701651496701,408588.5157663823,211121.5066704644,7233.662731819611,2904.4759721561077,1182.8501628370743,71295.67112631112,10762937.175161138,15108681.727550967,28028313.666312136,5554806.32,2173250.4,612781.295,1333.2,5715939.769999994,0.0,14058110.984999996
246,2016,Mixed & undifferentiated materials,Hazardous,272.39,1492.219,2219.218264444783,190.38631470922303,314.26899143316643,708.5286571911314,108.13060049309529,1557.6673904499066,235.37321755058852,717.664424681949,1191.4168872072141,231.74012751460242,535.9712676696394,303.5871055869686,6.3600108504001085,20781.31183297584,0.0,30866.234092758506,417.0,9168.0,1633.93293,0.0,737.4439999999998,0.0,11956.37693
247,2016,Mixed & undifferentiated materials,Non-hazardous,25309.77012938297,10078.928,137840.73402271554,11953.32125249312,8440.967075226003,84814.63179594744,297.0127164782764,86027.8267106203,7467.327615431693,9216.190488350627,17849.721032124733,11285.091113739038,6407.553862207839,14066.296636476394,3556.0389363839868,458348.89903265436,3570787.229898452,4463747.540318684,0.0,55744.6242863,310546.8445,4014.25,264716.9329999999,0.0,635022.6517862999
248,2016,Sorting residues,Hazardous,0.0,0.0,1.0,0.0,0.0,47.0,3.0,1253.0,0.0,5.0,24.0,0.0,0.0,0.0,0.0,128.00035291091524,0.0,1461.0003529109156,0.0,3698.0,968.24,0.0,83963.25700000001,0.0,88629.49700000003
249,2016,Sorting residues,Non-hazardous,0.0,0.0,2206.1576615397407,0.0,804.1394047815332,2275.1312821456745,6041.24,3703.884406521725,265.54085633221564,2949.4059628438745,843.5531847631565,1374.44457004301,661.9244764554571,1557.0966737558483,25952.0,35906.93600022297,0.0,84541.45447940522,952245.15,1128901.0,972592.5389999995,147627.86,9594109.808000008,0.0,12795476.357000008
250,2016,Common sludges,Hazardous,,,,,,,,,,,,,,,,,,,,,,,,,
251,2016,Common sludges,Non-hazardous,1365.15,1.87,97549.861553958,143.30021878644217,19.15856791298084,7681.131640242574,484.2743087071089,2252.1696176201585,883.7503954185067,2631.283346613127,1517.5253679827742,100.16912943476669,410.19394386195916,1122278.0,60.665,303315.8679519664,0.0,1540694.3710425047,0.0,163176.0,1154407.53,122224.41,70651.89,0.0,1510459.8299999996
252,2016,Mineral waste from construction & demolition,Hazardous,0.0,5.04,156.0,0.0,32.7716339653751,0.0,24.038936170212764,872.6617882586845,91.0,16.323289908256882,21.0,39.690913719943424,18.30408186998488,0.0,478756.8115185664,756.9647681566554,0.0,480790.6069306155,0.0,0.0,197291.84184132065,481.0,10532.050000000003,0.0,208304.89184132067
253,2016,Mineral waste from construction & demolition,Non-hazardous,0.0,121.2,1519.3304611462142,1.0,6700.861381698269,2.0,101.69340425531915,3273.4260508418065,12526.246070728128,37181.60336216212,352.94880451104063,57.0,547.5351529247586,279.951084644832,63046541.00025899,28637.187125815704,0.0,63137842.98315772,0.0,0.0,56987771.52111474,677106.871,2463557.4310000017,0.0,60128435.82311474
254,2016,Other mineral wastes,Hazardous,25312.203466196435,17122.901,932.9945274946064,0.08367101076913397,57.696144163101245,1.952574399562811,430.7075563986437,1219.1399046327836,6394.993832335284,3416.847098053978,1690.6788678708897,33.314306601896284,426.5974049355257,126.32369042733083,33178.272392340565,2332.882710313697,0.0,92677.58914717508,0.0,0.0,17000.765400000004,0.0,248703.30800000022,0.0,265704.0734000002
255,2016,Other mineral wastes,Non-hazardous,0.0,16990498.717058826,10522.464627230363,1.2884463431125257,25.635523489598757,7.097237538081764,431.35841361063245,217429.87185462285,75153.84980104762,88273.7166765826,379.8029247362503,306.6912187519856,1163.1256332185785,4416.143175877655,2016.720588235294,18114.123953078248,0.0,17408740.607133187,0.0,304.0,34457.679,145474.6,584374.944,16944100.352941178,17708711.57594118
256,2016,Combustion wastes,Hazardous,0.0,0.0,3.0,0.0,3529.53823577906,83.0,20.694680851063836,2.0,3456.337283982461,1718.2859667315356,0.0,0.0,33837.298566810096,0.0,0.0,0.0,0.0,42650.15473415422,0.0,0.0,39100.319,0.0,12614.57,0.0,51714.889
257,2016,Combustion wastes,Non-hazardous,0.0,0.0,10.0,0.0,32.68920032976092,2.0,0.0,0.0,1152.774,558057.4768416244,0.0,21.012936447982614,1035320.2050361672,75.78,0.0,7101.0,0.0,1601772.938014569,5165.08,0.0,508645.75000000006,67953.0,827884.0245,0.0,1409647.8545
258,2016,Soils,Hazardous,0.0,2.46,0.0,0.0,0.0,0.0,51.57,9.0,0.0,0.0,0.0,0.0,0.0,0.0,282534.1467806913,1.0,0.0,282598.1767806913,0.0,0.0,74656.2075065503,0.0,165886.79500000016,0.0,240543.00250655052
259,2016,Soils,Non-hazardous,4368.9,4348.8,4345.05,0.0,4345.05,0.0,0.0,4345.05,4393.920092745806,49.31990725419383,0.0,0.0,5295.94,4345.05,57951496.50441106,398409.22,0.0,58385742.80441106,0.0,0.0,12608237.554006718,15043852.41,28722330.27499995,0.0,56374420.23900666
260,2016,Dredging spoils,Hazardous,0.0,0.0,0.0,0.0,0.0,435.2019458322377,60.363829787234046,1348.3766499143974,0.0,0.0,0.0,0.0,0.0,0.0,64.56040689000406,649.3685356154496,0.0,2557.871368039323,0.0,0.0,52.2297,0.0,1674.4,0.0,1726.6297000000004
261,2016,Dredging spoils,Non-hazardous,0.0,11.81,0.0,0.0,0.0,0.0,0.0,0.0,0.0,0.0,0.0,0.0,0.0,0.0,11245651.32,3.33,0.0,11245666.46,0.0,0.0,4181.1748695482975,149920.536,66464.53300000001,11243328.0,11463894.243869547
262,2016,Mineral waste from waste treatment & stabilised waste,Hazardous,0.0,0.0,0.0,0.0,0.0,0.0,0.0,9.0,3928.0,0.0,0.0,0.0,0.0,0.0,0.0,0.0,0.0,3937.0,0.0,0.0,7416.872999999998,0.0,278939.359,0.0,286356.232
263,2016,Mineral waste from waste treatment & stabilised waste,Non-hazardous,0.0,0.0,804.0,0.0,0.0,0.0,0.0,0.0,155.0,3.0,0.0,0.0,0.0,0.0,40673.0,12.0,0.0,41647.0,0.0,0.0,317286.6814006578,241959.2,1753352.845,0.0,2312598.7264006576
