,Year,Waste_types,Haz_NonHaz,A,B,C10_C12,C13_C15,C16,C17_C18,C19,C20_C22,C23,C24_C25,C26_C30,C31_C33,D,E36_E37_E39,F,G_U_X_G4677,EP_HH,Total_waste_gen,Energy_recovery,Incineration,No_backfilling,Backfilling,Deposit_land,Treated_waterbodies,d`
0,2010,Spent solvents,Hazardous,0.0,0.0,13.697856766594976,9.133928515981719,16.31921393456741,693.5919319838054,18.38739101414612,39262.0572476014,9.554548841856775,338.4262557816327,355.7663169928632,82.01455044781302,2.0124658314472947,0.4512891253133389,0.0,1046.5790031625825,0.0,41847.992,0.0,0.0,8436.486999999997,0.0,0.0,0.0,8436.486999999997
1,2010,Spent solvents,Non-hazardous,,,,,,,,,,,,,,,,,,,,,,,,,
2,2010,"Acid, alkaline or saline wastes",Hazardous,0.0,0.0,2583.0081880073667,1.5892666699683162,13.767553508758073,5728.785830892561,1585.5468118834533,39123.84363973302,2025.8016642224352,20283.9037794043,3647.9817977845173,831.4748198533113,26.026658899350352,108.80273758014522,0.0,6832.214251560791,0.0,82792.74699999997,0.0,0.0,30.014,0.0,569.4,0.0,599.414
3,2010,"Acid, alkaline or saline wastes",Non-hazardous,0.0,0.0,2804.571011463668,1.725589277174148,14.948493639590307,6220.184181684544,756.5601394709623,42479.77154639959,2199.5689556199327,15010.70678688404,3960.8949162124736,902.7962773596608,28.259148930798027,118.135515482266,0.0,7418.261437575315,0.0,81916.38400000003,0.0,0.0,863.455,0.0,73192.47,0.0,74055.925
4,2010,Used oils,Hazardous,21570.79602848944,1442.0,3709.416719151996,47.053808899388095,53.66811423203869,2362.477046062225,3690.5604770921364,31707.813218533727,12047.55754187114,14252.562015877376,5759.97640448892,2483.931555408852,19628.215044940847,17.354619870174865,0.0,46829.90743357111,6258.113,171861.40302848938,0.0,0.0,1472.0309999999995,0.0,239.09897435897443,1517.6688968992646,3228.7988712582387
5,2010,Used oils,Non-hazardous,,,,,,,,,,,,,,,,,,,,,,,,,
6,2010,Chemical wastes,Hazardous,103009.38743795807,740.0,449.33199417737364,1381.2254991209495,380.19825411526773,21297.426880673695,3920.681965467004,299676.5115379176,2939.191236674634,57277.9641847808,7163.535830278727,1668.4197543607322,659.2121335262989,8.189816014735225,0.0,58983.663912892,2159.6600000000008,561714.6004379579,0.0,5722.0,1999.105,0.0,2769.27,740.0,11230.375
7,2010,Chemical wastes,Non-hazardous,0.0,8.0,103.41802901890424,1451.8612499496305,87.50624167997299,4901.805212437317,2257.858212531833,42665.180209416496,676.4827978987317,13386.196300429454,1648.7558553003455,384.0026635274038,192.74393784121398,1.8849639937658915,0.0,15447.370325974916,1673.91,84886.97599999998,0.0,0.0,74431.596,0.0,38713.37092307693,8.0,113152.96692307694
8,2010,Industrial effluent sludges,Hazardous,0.0,1610.8200000000004,5902.803022962263,123.20180271256832,1.815306367063904,6897.105724175936,126.70139066985577,2731.284143906845,218.84190141068748,2139.564113370734,262.24436569316555,18.206329232368805,380.6706078504527,1055.9200337848165,0.0,1013.0719078632474,0.0,22482.25065,0.0,127039.0,0.0,0.0,2615.07,1610.8200000000004,131264.89
9,2010,Industrial effluent sludges,Non-hazardous,0.0,42.66,43873.151025360654,1759.8613933055378,13.492439115734758,52596.52915478793,870.0327545754292,19535.851701460528,6147.886273983225,16153.972127818965,1949.156462929411,135.32029256641204,4491.107963281462,7848.227178296838,0.0,7529.75436251799,0.0,162947.0031300001,0.0,0.0,443.18718,0.0,59610.426,42.66,60096.27318
10,2010,Sludges & liquid wastes from waste treatment,Hazardous,0.0,0.0,0.0,0.0,0.0,0.0,0.0,0.0,0.0,0.0,0.0,0.0,0.0,0.0,0.0,0.0,0.0,0.0,111552.0,1157.0,0.0,0.0,7715.694,0.0,120424.694
11,2010,Sludges & liquid wastes from waste treatment,Non-hazardous,0.0,0.0,0.0,0.0,0.0,0.0,0.0,0.0,0.0,0.0,0.0,0.0,0.0,0.0,0.0,0.0,0.0,0.0,0.0,0.0,0.0,0.0,325621.284,0.0,325621.284
12,2010,Health care & biological wastes,Hazardous,21.324562535720496,2.0,0.0,0.0,0.0,0.0,0.0,0.0,0.0,0.0,0.0,0.0,0.0,0.0,0.0,152559.45799999998,0.0,152582.7825625357,0.0,116701.0,0.0,0.0,0.0,2.0,116703.0
13,2010,Health care & biological wastes,Non-hazardous,1000.10369175388,0.0,0.0,0.0,0.0,0.0,0.0,0.0,0.0,0.0,0.0,0.0,0.0,0.0,0.0,94268.84700000002,0.0,95268.95069175388,0.0,3445.0,401.155,0.0,91081.54,0.0,94927.695
14,2010,"Metallic wastes, ferrous",Hazardous,,,,,,,,,,,,,,,,,,,,,,,,,
15,2010,"Metallic wastes, ferrous",Non-hazardous,0.0,0.0,0.0,0.0,0.0,0.0,0.0,0.0,1434.64,158369.18800000005,0.0,0.0,0.0,0.0,1386051.9470000009,1441227.5370000002,11510.463999999994,2998593.7760000015,0.0,0.0,8471005.963000001,0.0,2007.08,0.0,8473013.043000001
16,2010,"Metallic wastes, non-ferrous",Hazardous,,,,,,,,,,,,,,,,,,,,,,,,,
17,2010,"Metallic wastes, non-ferrous",Non-hazardous,0.0,0.0,0.0,0.0,0.0,0.0,0.0,0.0,0.0,25829.88900000001,0.0,0.0,0.0,0.0,138511.32199999993,152135.42799999987,2089.909999999999,318566.5489999998,0.0,0.0,1807071.622,0.0,1184.601,0.0,1808256.2230000002
18,2010,"Metallic wastes, mixed",Hazardous,,,,,,,,,,,,,,,,,,,,,,,,,
19,2010,"Metallic wastes, mixed",Non-hazardous,954.036854421531,4748.0,195.53910648701213,23.147801385329924,34.975924063821004,264.3251739583427,48.76702390041374,432.74509408187623,66.75284940481836,4234.320992310978,3141.1815015868883,305.3370258666094,176.68071085519574,5.023093866938199,837615.5079999998,2334166.5849922374,313184.3383,3499597.2644444276,0.0,0.0,4627014.014,0.0,1358.259717948718,4748.0,4633120.273717949
20,2010,Glass wastes,Hazardous,0.0,0.0,0.0,0.0,0.0,0.0,0.0,0.0,561.52,0.0,0.0,0.0,0.0,0.0,0.0,0.0,0.0,561.52,0.0,0.0,0.0,0.0,561.52,0.0,561.52
21,2010,Glass wastes,Non-hazardous,0.0,0.0,734.1317462899345,8.709397097631417,22.020818879273573,21.35647996114519,0.018293846407140137,348.20115742430085,4670.253571095478,10.32346518586677,46.498311593443354,11.473011662584838,0.8546895285206934,0.0,12627.262999999995,317335.32997196267,710729.1349999994,1046565.5689145266,0.0,0.0,1258655.0866190474,0.0,8261.84,0.0,1266916.9266190478
22,2010,Paper & cardboard wastes,Hazardous,,,,,,,,,,,,,,,,,,,,,,,,,
23,2010,Paper & cardboard wastes,Non-hazardous,5842.878917262462,0.0,44652.923424359804,4221.266601625488,1424.5032498999176,954493.1973237223,363.0251481716463,30345.093646953595,4692.846324595073,9449.179697117965,31794.04741944285,22406.200794116496,1224.4588749092336,489.3259497947228,0.0,3815687.1434852914,1233012.1499999994,6160098.240857262,53.0,0.0,3309029.8501251573,0.0,1853.4117948717947,0.0,3310936.2619200293
24,2010,Rubber wastes,Hazardous,,,,,,,,,,,,,,,,,,,,,,,,,
25,2010,Rubber wastes,Non-hazardous,21798.24,0.0,0.0,0.0,0.0,0.0,0.0,0.0,0.0,0.0,0.0,0.0,0.0,0.0,0.0,140399.17599999998,8908.581000000002,171105.99699999994,89619.0,0.0,43135.041,0.0,5686.79,0.0,138440.831
26,2010,Plastic wastes,Hazardous,,,,,,,,,,,,,,,,,,,,,,,,,
27,2010,Plastic wastes,Non-hazardous,82291.27638520718,0.0,27127.347932425848,3049.031655305873,1890.1657692535853,10831.442079869115,4052.2269550555693,68744.48527007697,2073.157182726267,5961.287447174659,18095.42431892908,15169.733836102543,559.3781004547865,1950.4112548293695,40917.66,504482.3895886579,85559.9124999999,872755.3302760686,0.0,0.0,790289.5039411762,0.0,48908.7587948718,0.0,839198.2627360483
28,2010,Wood wastes,Hazardous,0.0,0.0,28.884064739408522,3.164459897350804,140.8135735717716,57.18312315666895,0.5123318519340245,45.568508148876965,6.912107421478576,64.22602547759116,65.89716334419316,30.35343329620113,1.5896608971157524,0.8728606171179462,0.0,569.7086875802912,0.0,1015.686,0.0,0.0,0.0,0.0,40.38,0.0,40.38
29,2010,Wood wastes,Non-hazardous,0.0,0.0,24985.118880542886,2737.301949754576,121805.7052366526,49636.419132637566,443.1741980343735,39417.39514782684,5979.069331093785,55556.407876104626,57001.96544009457,26256.143177227335,1375.078848926609,755.036608648818,484175.1559999998,1071971.874672456,616691.5374999996,2558787.384,157295.0,0.0,2489410.271,0.0,60891.24,0.0,2707596.511
30,2010,Textile wastes,Hazardous,,,,,,,,,,,,,,,,,,,,,,,,,
31,2010,Textile wastes,Non-hazardous,0.0,0.0,1603.9031287926302,4660.781099734317,0.0,134.29201758289358,0.0,138.555624623527,0.933746513639621,57.23716845401002,29.34197600448556,200.18222721724842,14.29683011595392,0.0,0.0,2162.2721809612926,116472.30439999973,125474.10039999973,0.0,0.0,106542.28299999997,0.0,2243.0,0.0,108785.28299999997
32,2010,Waste containing PCB,Hazardous,0.0,0.0,0.0,0.0,0.0,0.0,0.0,0.0,0.0,0.0,3974.222000000001,0.0,0.0,0.0,0.0,0.0,0.0,3974.222000000001,0.0,0.0,0.0,0.0,5.52,0.0,5.52
33,2010,Waste containing PCB,Non-hazardous,,,,,,,,,,,,,,,,,,,,,,,,,
34,2010,Discarded equipment,Hazardous,9.3965284301398,0.0,677.7780952397991,1152.7542343335656,26.24069651317308,2183.3756556149865,10.888444311036901,395.71439293124206,239.0347528690417,666.3171760546965,749.6216170592844,1901.8285155870265,140.72915763107088,36.64165949209333,0.0,45013.43660236299,275729.2457999997,328933.0033284298,0.0,0.0,68518.887,0.0,2092.66,0.0,70611.547
35,2010,Discarded equipment,Non-hazardous,0.0,0.0,666.0403716949572,1132.7909002972747,25.786261583128987,2145.5640768399608,10.699878835029386,388.8614329734575,234.89516224713802,654.7779320740502,736.639711379423,1868.8927546020693,138.29201786722595,36.0071012607739,0.0,57740.922398345516,0.0,65780.17,0.0,0.0,154460.775,0.0,4109.67,0.0,158570.445
36,2010,Discarded vehicles,Hazardous,0.0,0.0,0.0,0.0,0.0,0.0,0.0,0.0,0.0,0.0,0.0,0.0,0.0,0.0,0.0,879558.0980000003,306.9699999999999,879865.0680000003,0.0,0.0,0.0,0.0,0.0,0.0,0.0
37,2010,Discarded vehicles,Non-hazardous,0.0,0.0,0.0,0.0,0.0,0.0,0.0,0.0,0.0,0.0,0.0,0.0,0.0,0.0,0.0,320456.432,0.0,320456.432,0.0,0.0,315927.071,0.0,14.2,0.0,315941.271
38,2010,Batteries & accumulators wastes,Hazardous,3109.5671487179484,0.0,2.916782639102323,1.4889829508505932,1.1255781523414727,0.3797655960390286,0.04941246103969119,39.42040301149978,0.4888014647213144,1.3352910768250037,153.3549021878057,3.262769330889327,3.2552528663875786,0.6593049732136838,0.0,81254.2437532893,8757.125999999998,93328.67414871795,0.0,0.0,3496.656,0.0,13.32,0.0,3509.976
39,2010,Batteries & accumulators wastes,Non-hazardous,0.0,0.0,1.87751051039354,0.9584468525495448,0.7245259838562556,0.24445218800005705,0.031806420438303014,25.374609676372124,0.3146377365275556,0.8595165774660602,98.71336890793863,2.1002194779998167,2.095381187715911,0.42438953118028255,0.0,1648.1971349495618,1166.7459999999987,2948.661999999999,0.0,0.0,1422.4910000000002,0.0,79.47794871794872,0.0,1501.9689487179487
40,2010,Animal & mixed food waste,Hazardous,,,,,,,,,,,,,,,,,,,,,,,,,
41,2010,Animal & mixed food waste,Non-hazardous,14347.795925228798,0.0,862881.021,0.0,0.0,0.0,0.0,0.0,0.0,0.0,0.0,0.0,0.0,0.0,0.0,462583.216,125299.12200000002,1465111.1549252288,74496.0,446736.565,613449.308,0.0,48047.826,0.0,1182729.699
42,2010,Vegetal wastes,Hazardous,,,,,,,,,,,,,,,,,,,,,,,,,
43,2010,Vegetal wastes,Non-hazardous,0.0,0.0,186539.378,0.0,0.0,0.0,0.0,0.0,0.0,0.0,0.0,0.0,0.0,0.0,0.0,142257.837,3480700.867900002,3809498.0829000017,0.0,45384.0,4247954.633,0.0,139569.5,0.0,4432908.133
44,2010,"Animal faeces, urine & manure",Hazardous,,,,,,,,,,,,,,,,,,,,,,,,,
45,2010,"Animal faeces, urine & manure",Non-hazardous,0.0,0.0,0.0,0.0,0.0,0.0,0.0,0.0,0.0,0.0,0.0,0.0,0.0,0.0,0.0,0.0,0.0,0.0,0.0,307524.0,3988.35,0.0,2499.88,1643.0400000000004,315655.27
46,2010,Household & similar wastes,Hazardous,,,,,,,,,,,,,,,,,,,,,,,,,
47,2010,Household & similar wastes,Non-hazardous,477.7844226348037,0.0,493141.3065156188,50.093472001006276,35.24298087755151,164389.18992984988,16.038758016856715,493032.0418482659,51.75682111599537,328886.8137800264,164539.64515152347,114.63751346739586,47.59284294264562,3.1662596478044804,0.0,8102782.079926624,12965087.3446,22712654.734822616,0.0,4027762.0,704270.8,0.0,10707229.747000001,477.7844226348037,15439740.331422633
48,2010,Mixed & undifferentiated materials,Hazardous,0.0,361.0,767.4562540300766,81.48551512762003,17.776355119625933,297.4380457690437,23.44818657325203,247.56139382334638,66.69481524455807,242.0418337346931,337.20739797475045,85.9879024619912,44.06387299103817,13.566157289499051,0.0,7438.823269860501,0.0,10024.550999999998,0.0,4619.0,2012.09,0.0,273.334,361.0,7265.424
49,2010,Mixed & undifferentiated materials,Non-hazardous,2986.1538461538453,2688.0,309397.24222951033,1654.8995983833315,359.9314691286648,154594.68478848814,478.9133821088983,1223717.4450381498,1350.42097621775,16974.466280053508,6827.696304295044,1741.0628811227352,11045.428965415213,274.6843709399686,0.0,150464.3497161864,2339634.5399999986,4224189.919846152,0.0,144087.60499999998,279749.18200000003,0.0,362359.43984615384,2688.0,788884.2268461537
50,2010,Sorting residues,Hazardous,0.0,0.0,0.0,0.0,0.0,0.0,0.0,0.0,0.0,0.0,0.0,0.0,0.0,0.0,0.0,0.0,0.0,0.0,0.0,0.0,87.0,0.0,52667.529,0.0,52754.529
51,2010,Sorting residues,Non-hazardous,0.0,0.0,0.0,0.0,0.0,0.0,0.0,0.0,0.0,0.0,0.0,0.0,0.0,0.0,0.0,0.0,0.0,0.0,204267.0,0.0,257202.8,0.0,9974489.024,0.0,10435958.824
52,2010,Common sludges,Hazardous,,,,,,,,,,,,,,,,,,,,,,,,,
53,2010,Common sludges,Non-hazardous,0.0,0.0,13236.234613727043,0.11461239279390467,2.3372825143835225,1587.9002563579288,0.6224124800246205,90.3852603750252,20.051886674542985,47.515359681063174,69.70253223738206,7.549407853656752,24.02003737310441,0.0,0.0,136969.79341870046,0.0,152056.22708036745,0.0,182830.0,1014282.2536822407,18431.538020289838,33041.8,0.0,1248585.5917025306
54,2010,Mineral waste from construction & demolition,Hazardous,0.0,0.0,0.0,0.0,0.0,0.0,0.0,0.0,0.0,0.0,0.0,0.0,0.0,0.0,345166.14806637587,0.0,0.0,345166.14806637587,0.0,0.0,68335.0529510126,0.0,18421.62,0.0,86756.6729510126
55,2010,Mineral waste from construction & demolition,Non-hazardous,0.0,0.0,0.0,0.0,0.0,0.0,0.0,0.0,0.0,0.0,0.0,0.0,0.0,0.0,50727633.40970068,0.0,0.0,50727633.40970068,0.0,0.0,46041073.514,620493.1891116598,1803251.09,0.0,48464817.79311166
56,2010,Other mineral wastes,Hazardous,0.0,138.0,709.707114376273,0.06473663277859804,5.529003488986952,0.5961818660902023,10.853182709429634,898.5145577949712,1491.2383688559023,1359.2121302072433,40.73412696150606,4.8854070720659895,114.8544167437268,75.02095835741136,0.0,1363.872814933615,0.0,6213.083000000001,0.0,0.0,230.271,0.0,226824.397,138.0,227192.668
57,2010,Other mineral wastes,Non-hazardous,0.0,12612044.0,49011.27564383953,0.4484830554245735,38.303882543204715,4.130234357528293,75.18878158604723,93320.1786319605,104452.0855799084,73756.5359521634,282.1982691350041,33.845169213022885,795.6895120943518,519.7309032133471,0.0,9448.650956930234,0.0,12943782.262,0.0,0.0,66464.409,86776.81699999998,525013.993,12612044.0,13290299.219
58,2010,Combustion wastes,Hazardous,0.0,0.0,0.0,0.0,0.0,0.0,0.0,0.0,14093.655,7098.02,0.0,0.0,11199.847,0.0,0.0,0.0,0.0,32391.522,0.0,0.0,10191.521,0.0,18090.9,0.0,28282.421
59,2010,Combustion wastes,Non-hazardous,0.0,0.0,0.0,0.0,0.0,0.0,0.0,0.0,812.58,225479.412,0.0,0.0,2043142.174,0.0,0.0,0.0,0.0,2269434.166,0.0,0.0,8375.772999999997,0.0,2199105.832,0.0,2207481.605
60,2010,Soils,Hazardous,0.0,0.0,0.0,0.0,0.0,0.0,445.185,0.0,0.0,0.0,0.0,0.0,0.0,0.0,220982.0991143256,0.0,0.0,221427.2841143256,0.0,0.0,36903.68523654936,0.0,148153.07,0.0,185056.75523654933
61,2010,Soils,Non-hazardous,0.0,0.0,0.0,0.0,0.0,0.0,0.0,0.0,0.0,0.0,0.0,0.0,0.0,0.0,36313306.48193269,409213.14500000014,0.0,36722519.62693269,0.0,0.0,9819431.422117647,9919894.49406591,14755931.891,0.0,34495257.80718356
62,2010,Dredging spoils,Hazardous,0.0,0.0,0.0,0.0,0.0,0.0,0.0,0.0,0.0,0.0,0.0,0.0,0.0,0.0,0.0,0.0,0.0,0.0,0.0,0.0,316.78429319371725,0.0,14658.87,0.0,14975.654293193718
63,2010,Dredging spoils,Non-hazardous,0.0,0.0,0.0,0.0,0.0,0.0,0.0,0.0,0.0,0.0,0.0,0.0,0.0,0.0,11095337.729482433,0.0,0.0,11095337.729482433,0.0,0.0,571.2130890052356,0.0,335460.471,11095337.729482433,11431369.413571438
64,2010,Mineral waste from waste treatment & stabilised waste,Hazardous,20918.73037606716,0.0,0.0,0.0,0.0,0.0,0.0,0.0,0.0,0.0,0.0,0.0,0.0,0.0,0.0,0.0,0.0,20918.73037606716,0.0,0.0,11.46,0.0,122533.35,0.0,122544.81
65,2010,Mineral waste from waste treatment & stabilised waste,Non-hazardous,0.0,0.0,0.0,0.0,0.0,0.0,0.0,0.0,0.0,0.0,0.0,0.0,0.0,0.0,0.0,0.0,0.0,0.0,6929.0,0.0,5544.034,325.113,1336778.648,0.0,1349576.7950000002
66,2012,Spent solvents,Hazardous,0.0,0.0,18.99437892380745,12.665725905283654,22.629330886842478,961.7817005302918,25.497205752263252,43831.7921652542,13.248986629122586,469.2848413890692,493.3297484734642,113.72694831139816,2.7906218633374764,0.6257881649996261,0.0,1451.2575579159256,0.0,47417.625,0.0,0.0,31.32,0.0,11.58,0.0,42.9
67,2012,Spent solvents,Non-hazardous,,,,,,,,,,,,,,,,,,,,,,,,,
68,2012,"Acid, alkaline or saline wastes",Hazardous,0.0,0.0,2805.967658673985,1.7264486026967558,14.95593783403389,6223.281768748481,3233.8553908412096,42500.926031054325,2200.664318095409,16428.510962828266,3962.86740070742,903.2458605212579,31.283221693212944,118.19434574096266,0.0,7421.955654658723,0.0,85847.435,0.0,0.0,215.999,0.0,1220.984,0.0,1436.983
69,2012,"Acid, alkaline or saline wastes",Non-hazardous,0.0,0.0,2993.6913523910753,1.8419507567251827,15.956513833022704,6639.629204920921,126.0553054176308,45344.30549634608,2347.892256787867,16029.922192909831,4227.989524931544,963.6744434194131,30.16474513722881,126.10173522579149,0.0,7918.496277922862,0.0,86765.721,0.0,0.0,728.3719999999998,0.0,75310.24,0.0,76038.612
70,2012,Used oils,Hazardous,22067.114677993133,4639.084,4554.612351819166,57.775083103169145,65.8964668806383,2900.7706465894557,3251.8215985135744,38932.48148386081,14792.60987479527,17499.564165892683,7072.394843809734,3049.8987306890886,24100.53047593093,21.308893555614,0.0,57500.165384559856,5053.006999999996,205559.0356779931,101054.0,1285.0,2531.017,0.0,402.56,0.0,105272.577
71,2012,Used oils,Non-hazardous,,,,,,,,,,,,,,,,,,,,,,,,,
72,2012,Chemical wastes,Hazardous,95280.94220781408,553.5669999999999,469.95531152365027,1429.8139485170916,397.2002354489438,22250.843887094677,3714.635705524693,331755.2786303557,3071.02427191067,59947.747014909015,7484.579410038162,1743.1885024035041,688.6917048282459,8.578449345249421,0.0,61011.13992810014,2002.5520000000008,591809.7382078139,0.0,128680.0,9917.927,0.0,3982.252,0.0,142580.179
73,2012,Chemical wastes,Non-hazardous,0.0,12.829,456.09746873569037,2199.710833019095,219.48685162245098,12294.914884804346,2799.038775155577,69366.50898636873,1696.782728145905,33007.18399081308,4135.479079280073,963.1717008314241,380.5603896727517,4.727946309549294,0.0,33696.15636524136,2921.8219999999988,164154.47100000002,0.0,0.0,104181.984,0.0,24047.879000000008,0.0,128229.863
74,2012,Industrial effluent sludges,Hazardous,0.0,15259.251,5175.437360783247,104.2836391259638,1.591617466621043,6047.218331242684,225.46341440062488,2543.649121195075,191.87537653887875,1993.1090146120166,229.92962539722373,15.962876644431114,341.5114651476975,925.8055828037722,0.0,888.2373646417595,0.0,33943.32578999999,0.0,0.0,14.397479999999998,0.0,1103.3058600000004,0.0,1117.7033400000003
75,2012,Industrial effluent sludges,Non-hazardous,0.0,6.202000000000001,60992.47048804082,1194.5388119218835,18.757193758488995,75032.00831880842,1236.2871349813886,24805.83688619048,6409.485932219845,20497.025420909828,2709.718022602843,188.12231986754344,4334.5700681263515,10910.60827336085,0.0,10467.867249211331,0.0,218803.4981200001,0.0,0.0,7194.749130000001,190.5552,11838.15081,0.0,19223.45514
76,2012,Sludges & liquid wastes from waste treatment,Hazardous,0.0,0.0,0.0,0.0,0.0,0.0,0.0,0.0,0.0,0.0,0.0,0.0,0.0,0.0,0.0,0.0,0.0,0.0,0.0,0.0,0.08370000000000001,0.0,3646.242,0.0,3646.3257
77,2012,Sludges & liquid wastes from waste treatment,Non-hazardous,0.0,0.0,0.0,0.0,0.0,0.0,0.0,0.0,0.0,0.0,0.0,0.0,0.0,0.0,0.0,0.0,0.0,0.0,0.0,0.0,373.6152,67.7538,87566.4513,0.0,88007.8203
78,2012,Health care & biological wastes,Hazardous,20.47142460967963,3.763999999999998,0.0,0.0,0.0,0.0,0.0,0.0,0.0,0.0,0.0,0.0,0.0,0.0,0.0,130152.99300000002,0.0,130177.22842460971,0.0,106892.0,8.44,0.0,0.0,0.0,106900.44
79,2012,Health care & biological wastes,Non-hazardous,994.677108596925,0.0,0.0,0.0,0.0,0.0,0.0,0.0,0.0,0.0,0.0,0.0,0.0,0.0,0.0,106769.46400000004,0.0,107764.14110859696,0.0,0.0,111.35,0.0,104827.695,0.0,104939.045
80,2012,"Metallic wastes, ferrous",Hazardous,,,,,,,,,,,,,,,,,,,,,,,,,
81,2012,"Metallic wastes, ferrous",Non-hazardous,0.0,0.0,0.0,0.0,0.0,0.0,0.0,0.0,0.0,218415.57100000003,0.0,0.0,0.0,0.0,1204832.6620000005,1098686.142,10721.123,2532655.498000001,0.0,0.0,8555183.762000002,229660.92,1800.726,0.0,8786645.408000002
82,2012,"Metallic wastes, non-ferrous",Hazardous,,,,,,,,,,,,,,,,,,,,,,,,,
83,2012,"Metallic wastes, non-ferrous",Non-hazardous,0.0,0.0,0.0,0.0,0.0,0.0,0.0,0.0,0.0,35310.91900000001,0.0,0.0,0.0,0.0,271750.1169999998,135013.93100000007,2755.8810000000008,444830.8479999998,0.0,5140.0,1511666.59,2823.33,1580.81,0.0,1521210.73
84,2012,"Metallic wastes, mixed",Hazardous,,,,,,,,,,,,,,,,,,,,,,,,,
85,2012,"Metallic wastes, mixed",Non-hazardous,4254.297679218653,3183.436,638.8392262725356,75.62540195966737,114.2686630235905,863.567869617513,159.3251006198285,1413.8069158808587,218.08598510750446,13833.807441976687,10262.448244278221,997.5563091260113,577.2275973221335,16.4107807236107,507480.92900000006,2471560.1459280867,254269.181,3269918.959143213,0.0,0.0,3885315.57,0.0,338.426,0.0,3885653.996
86,2012,Glass wastes,Hazardous,0.0,0.0,0.0,0.0,0.0,0.0,0.0,0.0,4024.449,0.0,0.0,0.0,0.0,0.0,0.0,0.0,0.0,4024.449,0.0,0.0,0.0,0.0,4020.54,0.0,4020.54
87,2012,Glass wastes,Non-hazardous,0.0,0.0,2323.696360732159,27.567251303616363,69.70097254165235,67.59818658511372,0.057904244755649335,1102.1370025183817,25391.976499354267,32.67614921132945,147.17788459076164,36.31472904109656,2.7052895573801594,0.0,82377.37299999998,387773.24698609614,576669.5340000002,1076021.7622157768,0.0,0.0,1284459.586488372,210.9,36182.513,0.0,1320852.9994883721
88,2012,Paper & cardboard wastes,Hazardous,,,,,,,,,,,,,,,,,,,,,,,,,
89,2012,Paper & cardboard wastes,Non-hazardous,5678.318361562936,0.0,52533.39786388689,4966.2476914502,1675.903619438444,951804.0098872968,427.09285486767675,35700.481749480765,5521.053140040108,11116.797702102012,37405.15098900993,26360.510592982213,1440.5548463705386,575.683579804922,0.0,3804527.0164912688,1096804.3229999992,6036536.542369561,0.0,0.0,4248169.345000001,0.0,4104.416,0.0,4252273.761000001
90,2012,Rubber wastes,Hazardous,,,,,,,,,,,,,,,,,,,,,,,,,
91,2012,Rubber wastes,Non-hazardous,10695.843824189926,0.0,0.0,0.0,0.0,0.0,0.0,0.0,0.0,0.0,0.0,0.0,0.0,0.0,0.0,173011.215,7429.533000000005,191136.59182418993,118604.0,0.0,20831.022,0.0,1837.9,0.0,141272.922
92,2012,Plastic wastes,Hazardous,,,,,,,,,,,,,,,,,,,,,,,,,
93,2012,Plastic wastes,Non-hazardous,82293.32053189361,0.0,37923.08353034357,4262.439602973981,2642.385629887477,15141.977157964755,5664.871541563186,96030.58992295155,2898.2012251217266,8333.671333103915,25296.77024356253,21206.7572854016,781.9910181206861,2726.60671141405,37622.37000000002,539986.5824674171,98444.751,981256.36920172,0.0,0.0,366880.85047826095,220.0,115847.954,0.0,482948.8044782609
94,2012,Wood wastes,Hazardous,0.0,0.0,1.2171458214907804,0.13334719943625725,5.933744236773792,2.4096400571686827,0.021589155765439558,1.9202117079214776,0.2912693466674573,2.7064209710884097,2.776841062229338,1.2790635541667486,0.06698673251039614,0.03678148011555551,0.0,24.006958674665665,0.0,42.8,0.0,0.0,0.0,0.0,22.92,0.0,22.92
95,2012,Wood wastes,Non-hazardous,0.0,0.0,24687.46296922269,2704.691574342385,120354.59394238339,49180.895914056826,437.8945185411433,38947.80279844918,5907.8387182196875,54894.54617774321,56322.882340621065,25943.345136820288,1358.6970838499135,746.0416100297606,414777.06900000013,1047007.82121572,627005.6860000006,2470277.2690000003,202155.0,0.0,2155236.4740000004,62166.8,19800.094,0.0,2439358.368
96,2012,Textile wastes,Hazardous,,,,,,,,,,,,,,,,,,,,,,,,,
97,2012,Textile wastes,Non-hazardous,0.0,0.0,317.59705857482726,3439.309445921939,0.0,26.5918489768844,0.0,27.43610760492475,0.1848959209959776,11.333824353737366,5.810154681107694,39.639106253888826,2.830988424587102,0.0,0.0,428.1625692871077,89555.48899999994,93854.38499999992,0.0,0.0,391932.749,0.0,3659.775,0.0,395592.524
98,2012,Waste containing PCB,Hazardous,0.0,0.0,0.0,0.0,0.0,0.0,0.0,0.0,0.0,0.0,4617.430999999999,0.0,0.0,0.0,0.0,0.0,0.0,4617.430999999999,0.0,0.0,5296.901000000002,0.0,0.0,0.0,5296.901000000002
99,2012,Waste containing PCB,Non-hazardous,,,,,,,,,,,,,,,,,,,,,,,,,
100,2012,Discarded equipment,Hazardous,9.078134985754101,0.0,406.10782715915207,690.7017512687347,15.722774635166028,1308.2245496002347,6.524085820056129,237.10225133795856,143.22369634685012,399.24072859076006,449.15468386119676,1139.5284850878888,84.32142145767014,21.954773729556447,0.0,26970.934971104776,254813.132,286694.9521349857,0.0,0.0,56450.41,0.0,491.995,0.0,56942.40500000001
101,2012,Discarded equipment,Non-hazardous,0.0,0.0,1266.4753167977233,2154.0011315960164,49.032558978991226,4079.7886425572624,20.345812375916214,739.4197520822818,446.6529923165754,1245.0597954675295,1400.7199135104645,3553.6983102424538,262.9621785437445,68.46747872078215,0.0,99563.63411681012,0.0,114850.25799999989,0.0,0.0,226628.4,0.0,60.06,0.0,226688.46
102,2012,Discarded vehicles,Hazardous,0.0,0.0,0.0,0.0,0.0,0.0,0.0,0.0,0.0,0.0,0.0,0.0,0.0,0.0,0.0,765615.8199999975,320.2199999999997,765936.0399999974,0.0,0.0,0.0,0.0,0.0,0.0,0.0
103,2012,Discarded vehicles,Non-hazardous,0.0,0.0,0.0,0.0,0.0,0.0,0.0,0.0,0.0,0.0,0.0,0.0,0.0,0.0,0.0,426644.7229999995,0.0,426644.7229999995,0.0,0.0,0.0,0.0,0.0,0.0,0.0
104,2012,Batteries & accumulators wastes,Hazardous,3176.158287179487,0.0,2.592455330606145,1.323417705647853,1.0004211633505613,0.3375381252732633,0.043918115907375314,35.03710991411316,0.4344499126663955,1.186815371025102,136.30283186741565,2.8999705466587384,2.8932898642507854,0.5859945370591582,0.0,75136.83878754597,6642.382000000001,85140.01728717942,0.0,0.0,77795.46100000001,0.0,14.24,0.0,77809.70100000002
105,2012,Batteries & accumulators wastes,Non-hazardous,0.0,0.0,3.373787289566234,1.7222784058762113,1.3019349515025311,0.43926767931028987,0.057154458740608524,45.596834281318856,0.5653874055235272,1.5445059232284362,177.38271369892843,3.773983549466257,3.765289397197756,0.7626055876624067,0.0,2961.7232573716774,0.0,3202.009,0.0,0.0,923.0,0.0,0.0,0.0,923.0
106,2012,Animal & mixed food waste,Hazardous,,,,,,,,,,,,,,,,,,,,,,,,,
107,2012,Animal & mixed food waste,Non-hazardous,14169.24363308298,12.0,870543.354,0.0,0.0,0.0,0.0,0.0,0.0,0.0,0.0,0.0,0.0,0.0,0.0,658923.2920000001,232710.23799999995,1776358.1276330831,121445.0,253006.0,721302.258,0.0,89510.587,0.0,1185263.845
108,2012,Vegetal wastes,Hazardous,,,,,,,,,,,,,,,,,,,,,,,,,
109,2012,Vegetal wastes,Non-hazardous,0.0,0.0,225526.753,0.0,0.0,0.0,0.0,0.0,0.0,0.0,0.0,0.0,0.0,0.0,0.0,80902.22899999998,3743378.6419999977,4049807.6239999975,43114.0,0.0,3420307.3259999994,1014.54,99813.124,0.0,3564248.9899999993
110,2012,"Animal faeces, urine & manure",Hazardous,,,,,,,,,,,,,,,,,,,,,,,,,
111,2012,"Animal faeces, urine & manure",Non-hazardous,0.0,0.0,0.0,0.0,0.0,0.0,0.0,0.0,0.0,0.0,0.0,0.0,0.0,0.0,0.0,0.0,0.0,0.0,293020.0,0.0,12564.78,175.22,2668.96,0.0,308428.96
112,2012,Household & similar wastes,Hazardous,,,,,,,,,,,,,,,,,,,,,,,,,
113,2012,Household & similar wastes,Non-hazardous,776.9898305004301,0.0,451465.8733841968,325.8878611738364,229.27657438767602,150545.57720611687,104.34167042550293,450755.0416665477,336.70893753001906,301796.58162584767,151524.37800460515,745.7852806334932,309.6197802669684,20.5984042097002,0.0,7332990.082004048,12327236.617000002,21169163.35923049,0.0,5131633.0,377591.567,5686.3,8049620.318,0.0,13564531.185
114,2012,Mixed & undifferentiated materials,Hazardous,0.0,512.4720000000001,1062.7287577874304,112.83639922732424,24.61566205899723,411.87489611162766,32.46968417874597,342.80861111296537,92.35509878708164,335.16544551786467,466.94518063357145,119.07104318756045,61.017086982046926,18.785625120012654,0.0,10344.66850929477,0.0,13937.813999999997,0.0,0.0,507.30500000000006,0.0,1254.5,0.0,1761.805
115,2012,Mixed & undifferentiated materials,Non-hazardous,8946.583132696625,2542.7280000000005,82588.9676211383,680.5166935431116,148.4571385516788,115860.18284830284,195.8247716961756,2075464.5468571226,564.8729034638461,4779.61890036899,2816.147914738668,718.1178517003373,367.99425156239715,113.29616666565607,0.0,62060.44408114575,2594935.6460000044,4952783.945132701,64645.0,0.0,142694.153,0.0,316732.409,0.0,524071.562
116,2012,Sorting residues,Hazardous,0.0,0.0,0.0,0.0,0.0,0.0,0.0,0.0,0.0,0.0,0.0,0.0,0.0,0.0,0.0,0.0,0.0,0.0,0.0,0.0,2.895,0.0,74214.315,0.0,74217.21
117,2012,Sorting residues,Non-hazardous,0.0,0.0,0.0,0.0,0.0,0.0,0.0,0.0,0.0,0.0,0.0,0.0,0.0,0.0,0.0,0.0,0.0,0.0,274854.0,0.0,494778.368,49583.47,8196130.07,0.0,9015345.908
118,2012,Common sludges,Hazardous,,,,,,,,,,,,,,,,,,,,,,,,,
119,2012,Common sludges,Non-hazardous,0.0,0.0,31391.46527568737,0.19088890466895325,3.892784089019521,3369.5763453229033,1.03663865370853,150.53820036923864,33.39676094828948,79.13764596800098,116.09076215145453,12.573668178057368,40.00578395134135,933342.3513687322,0.0,187156.53834863185,0.0,1155696.794471588,29582.0,161204.0,751207.0378844904,3140.73,1790.326,0.0,946924.0938844904
120,2012,Mineral waste from construction & demolition,Hazardous,0.0,0.0,0.0,0.0,0.0,0.0,0.0,0.0,0.0,0.0,0.0,0.0,0.0,0.0,266701.932755,0.0,0.0,266701.932755,0.0,0.0,0.0,0.0,78185.03,0.0,78185.03
121,2012,Mineral waste from construction & demolition,Non-hazardous,0.0,0.0,0.0,0.0,0.0,0.0,0.0,0.0,0.0,0.0,0.0,0.0,0.0,0.0,47971815.61524823,0.0,0.0,47971815.61524823,0.0,0.0,43398523.798,658030.25,1881115.292,0.0,45937669.34
122,2012,Other mineral wastes,Hazardous,21292.98434055805,0.0,1060.9997428469392,0.0967801355510345,8.265763666707166,0.8912814790755328,16.225318628651276,1343.2635737384778,2138.0146689754133,2983.376051746995,60.89680849435402,7.303598262108565,171.7053474052132,112.15502270298992,0.0,2038.9660419175234,0.0,31235.14434055805,0.0,0.0,759.181,9241.94,214644.32900000009,0.0,224645.45000000007
123,2012,Other mineral wastes,Non-hazardous,0.0,11751929.467,18238.71553831522,0.504994996516797,43.130434466857224,4.650672215517716,84.66308377961442,101356.82726855569,66625.82461520765,144270.28011813867,317.75718662094437,38.10989267512113,895.9518481877576,585.2205618101376,0.0,10639.245785030324,0.0,12095030.349,0.0,0.0,11167.88,141228.09999999998,541184.1619999998,11751923.5,12445503.642
124,2012,Combustion wastes,Hazardous,0.0,0.0,0.0,0.0,0.0,0.0,0.0,0.0,1496.64,12632.916,0.0,0.0,15303.47,0.0,0.0,0.0,0.0,29433.026,0.0,0.0,3329.077,0.0,11589.33,0.0,14918.407
125,2012,Combustion wastes,Non-hazardous,0.0,0.0,0.0,0.0,0.0,0.0,0.0,0.0,304.1,243761.982,0.0,0.0,3371428.3419999992,0.0,0.0,0.0,0.0,3615494.423999999,0.0,0.0,6803.575000000002,371806.955,3227790.044,0.0,3606400.5739999996
126,2012,Soils,Hazardous,0.0,0.0,0.0,0.0,0.0,0.0,1631.6799999999996,0.0,0.0,0.0,0.0,0.0,0.0,0.0,476949.5757487821,0.0,0.0,478581.25574878213,0.0,0.0,133098.33866659444,0.0,316932.4279999999,0.0,450030.7666665943
127,2012,Soils,Non-hazardous,0.0,0.0,0.0,0.0,0.0,0.0,0.0,0.0,0.0,0.0,0.0,0.0,0.0,0.0,37924507.76954413,407415.2099999998,0.0,38331922.97954413,0.0,0.0,9193463.199382352,10457623.874999998,16051977.626000006,0.0,35703064.70038235
128,2012,Dredging spoils,Hazardous,0.0,0.0,0.0,0.0,0.0,0.0,0.0,0.0,0.0,0.0,0.0,0.0,0.0,0.0,0.0,0.0,0.0,0.0,0.0,0.0,79.63717277486909,3562.303664921466,180.7329842931937,0.0,3822.6738219895287
129,2012,Dredging spoils,Non-hazardous,0.0,0.0,0.0,0.0,0.0,0.0,0.0,0.0,0.0,0.0,0.0,0.0,0.0,0.0,10941168.871727748,0.0,0.0,10941168.871727748,0.0,0.0,1397.8743455497386,806.6492146596859,188989.23036649212,10941168.871727748,11132362.62565445
130,2012,Mineral waste from waste treatment & stabilised waste,Hazardous,0.0,0.0,0.0,0.0,0.0,0.0,0.0,0.0,0.0,0.0,0.0,0.0,0.0,0.0,0.0,0.0,0.0,0.0,0.0,0.0,400.74,0.0,179152.61399999997,0.0,179553.35399999996
131,2012,Mineral waste from waste treatment & stabilised waste,Non-hazardous,0.0,0.0,0.0,0.0,0.0,0.0,0.0,0.0,0.0,0.0,0.0,0.0,0.0,0.0,0.0,0.0,0.0,0.0,0.0,0.0,10749.96,25327.5,1306715.0540000002,0.0,1342792.5140000002
132,2014,Spent solvents,Hazardous,0.0,0.0,18.065464014482792,12.046312041949024,21.522649645347318,914.7460293603119,24.25027187438271,40845.23233988203,12.601048559517732,446.3345944957645,469.2035919716584,108.16516299047672,2.6541472639025647,0.5951841658439355,0.0,1380.284203734363,0.0,44255.70100000003,0.0,0.0,0.0,0.0,15.5,0.0,15.5
133,2014,Spent solvents,Non-hazardous,,,,,,,,,,,,,,,,,,,,,,,,,
134,2014,"Acid, alkaline or saline wastes",Hazardous,0.0,0.0,2601.931343761124,1.6009096608305586,13.868414807070634,5770.7549996552525,1884.6937852994595,39410.465490301554,2040.6427168355415,14253.677845685435,3674.706965775409,837.566216541275,38.487330583005466,109.59982802655712,0.0,6882.267153067489,0.0,77520.26300000002,0.0,0.0,516.412,0.0,1242.37,0.0,1758.782
135,2014,"Acid, alkaline or saline wastes",Non-hazardous,0.0,0.0,2208.8375644955536,1.3590479259513537,11.773206721735976,4901.642659624674,134.34646575658286,33456.42336719001,1732.3471272478064,11848.654852354242,3119.5407226945586,711.0286465800896,22.256476817267295,93.04173908653965,0.0,5842.5101235050015,0.0,64083.76200000002,0.0,0.0,1074.289,0.0,35300.672,0.0,36374.961
136,2014,Used oils,Hazardous,20590.607346752477,1178.7669999999996,4656.623089121313,59.069085395744715,67.37236573938868,2965.739897437955,3455.131135435557,39804.46154152355,15123.923480298516,17715.790182415174,7230.796955071905,3118.2080387447345,24640.315795364437,21.7861539182512,0.0,58788.0102795335,4613.840000000002,204030.44234675253,0.0,0.0,3600.958269661693,0.0,365.67,0.0,3966.6282696616936
137,2014,Used oils,Non-hazardous,,,,,,,,,,,,,,,,,,,,,,,,,
138,2014,Chemical wastes,Hazardous,105708.13654654393,491.11699999999985,447.74031455741925,1360.3967400387385,378.41018184287003,21198.272405033495,4190.593880014027,542102.4574344415,2925.7582127741234,56949.563626930794,7130.53424003109,1660.7298461906125,656.1122970535783,8.1733463975158,0.0,58439.76347469426,2612.9659999999994,806260.7255465437,0.0,133662.0,3101.8303969371364,0.0,2761.6540000000005,0.0,139525.48439693716
139,2014,Chemical wastes,Non-hazardous,0.0,5.294,154.9445011142109,1753.2192880128155,107.29449619060354,6015.27664536648,1016.7597131591856,30418.148348300518,829.45947156094,16172.298885929486,2021.5978362174912,470.83923989906793,186.03408349159176,2.3112209845349363,0.0,17946.869269773077,4258.691999999999,81359.039,0.0,0.0,12445.710254572488,0.0,20160.31,0.0,32606.020254572486
140,2014,Industrial effluent sludges,Hazardous,0.0,14216.835,5004.924013356992,95.14644916021221,1.5391789956017403,5847.982717245889,166.92212806019018,2815.4112037548216,643.4305247708114,1871.562929122419,222.35421343377726,15.436953260289837,323.06012791648,895.303385987329,0.0,858.9729149351901,0.0,32978.88174,0.0,0.0,12.26232,0.0,22085.597,0.0,22097.859320000003
141,2014,Industrial effluent sludges,Non-hazardous,0.0,555.7860000000001,68728.0654760509,2207.4076439268647,21.136144026715158,86745.22791734677,1350.2573548720698,27194.31788031659,5908.093192089729,23409.36299365995,3053.3880032880334,211.9816268124152,5566.871310734431,12294.386402041506,0.0,11795.49311483406,0.0,249041.77506000013,0.0,0.0,6715.427140000002,79.6716,69478.518,0.0,76273.61674
142,2014,Sludges & liquid wastes from waste treatment,Hazardous,0.0,0.0,0.0,0.0,0.0,0.0,0.0,0.0,0.0,0.0,0.0,0.0,0.0,0.0,0.0,0.0,0.0,0.0,90827.9,0.0,0.0,0.0,12329.98,0.0,103157.88
143,2014,Sludges & liquid wastes from waste treatment,Non-hazardous,0.0,0.0,0.0,0.0,0.0,0.0,0.0,0.0,0.0,0.0,0.0,0.0,0.0,0.0,0.0,0.0,0.0,0.0,0.0,0.0,324.5994,89.28629999999998,355711.539,0.0,356125.4247
144,2014,Health care & biological wastes,Hazardous,20.887948989772557,2.012,0.0,0.0,0.0,0.0,0.0,0.0,0.0,0.0,0.0,0.0,0.0,0.0,0.0,134674.692,0.0,134697.59194898978,0.0,101447.0,0.0,0.0,0.0,0.0,101447.0
145,2014,Health care & biological wastes,Non-hazardous,1003.6764633212804,0.0,0.0,0.0,0.0,0.0,0.0,0.0,0.0,0.0,0.0,0.0,0.0,0.0,0.0,128256.91100000012,0.0,129260.58746332137,0.0,37.24,14.74,0.0,122488.59,0.0,122540.57
146,2014,"Metallic wastes, ferrous",Hazardous,,,,,,,,,,,,,,,,,,,,,,,,,
147,2014,"Metallic wastes, ferrous",Non-hazardous,0.0,0.0,0.0,0.0,0.0,0.0,0.0,0.0,0.0,478099.38599999994,0.0,0.0,0.0,0.0,1216652.826,754427.2320000003,9668.776999999998,2458848.221,0.0,0.0,8312312.3259999985,1425.0,23470.211,0.0,8337207.536999999
148,2014,"Metallic wastes, non-ferrous",Hazardous,,,,,,,,,,,,,,,,,,,,,,,,,
149,2014,"Metallic wastes, non-ferrous",Non-hazardous,0.0,0.0,0.0,0.0,0.0,0.0,0.0,0.0,0.0,47918.61,0.0,0.0,0.0,0.0,336299.9430000003,136036.607,2717.043,522972.2030000002,0.0,0.0,1659529.458,0.0,199.52,0.0,1659728.978
150,2014,"Metallic wastes, mixed",Hazardous,,,,,,,,,,,,,,,,,,,,,,,,,
151,2014,"Metallic wastes, mixed",Non-hazardous,4449.413265845111,2117.978,1308.4080466944533,154.88855472428148,234.03390405037553,1768.675283243038,326.31409456133616,2895.62110330029,446.66239337065076,28333.05193094411,21018.54317860983,2043.0973055722727,1182.2211317815786,33.61095666681913,399212.48299999983,2256221.919580488,260138.07899999985,2981885.000729852,0.0,0.0,3504729.762,41.7,2713.141,0.0,3507484.603
152,2014,Glass wastes,Hazardous,0.0,0.0,0.0,0.0,0.0,0.0,0.0,0.0,19608.181000000004,0.0,0.0,0.0,0.0,0.0,0.0,0.0,0.0,19608.181000000004,0.0,0.0,0.0,0.0,19606.62,0.0,19606.62
153,2014,Glass wastes,Non-hazardous,0.0,0.0,1926.3074628434372,22.85281451295331,57.781001788084545,56.03782554987481,0.04800170137890794,913.6541111413171,11595.577668128633,27.088009925245515,122.00813421395765,30.104334948891697,2.2426421763176707,0.0,82747.39499999987,359608.8827706661,486778.844,943888.8237775959,0.0,0.0,1195327.6068181815,164.23,59098.987,0.0,1254590.8238181816
154,2014,Paper & cardboard wastes,Hazardous,,,,,,,,,,,,,,,,,,,,,,,,,
155,2014,Paper & cardboard wastes,Non-hazardous,5629.013397077135,0.0,51794.14606419781,4896.362481414511,1652.3202454867856,964525.1406420529,421.0827893772752,35198.10333010933,5443.3606884585715,10960.361738653552,36878.78440488165,25989.564572184634,1420.2833085292316,567.5825404713368,0.0,3855449.3795361775,970412.75,5971238.235739073,0.0,0.0,4152293.433415765,1.84,2742.631,0.0,4155037.904415765
156,2014,Rubber wastes,Hazardous,,,,,,,,,,,,,,,,,,,,,,,,,
157,2014,Rubber wastes,Non-hazardous,11315.604677009713,0.0,0.0,0.0,0.0,0.0,0.0,0.0,0.0,0.0,0.0,0.0,0.0,0.0,0.0,280831.536,7016.720000000001,299163.8606770097,212401.21,0.0,6950.635323644852,1.99,6417.87,0.0,225771.70532364486
158,2014,Plastic wastes,Hazardous,,,,,,,,,,,,,,,,,,,,,,,,,
159,2014,Plastic wastes,Non-hazardous,82267.84698476296,0.0,37169.61777669514,4177.752336832609,2589.886020290596,14841.132390900277,5552.320390442517,93660.23355612447,2840.6190042940375,8168.095768906155,24794.167388465412,20785.415878717205,766.4542158102106,2672.4337753163136,17746.218000000008,590659.9112803943,88135.45999999996,996827.5647679522,0.0,0.0,507156.3968697175,7.33,64515.86,0.0,571679.5868697175
160,2014,Wood wastes,Hazardous,0.0,0.0,0.6157392833392145,0.06745872808864116,3.0018091171641617,1.2190076289209422,0.010921691603581715,0.9714117733625196,0.1473496236926118,1.3691454875235105,1.4047701560605053,0.6470627120284683,0.03388777411951162,0.018607303912663728,0.0,12.144828720183671,0.0,21.652,0.0,0.0,0.0,0.0,1.24,0.0,1.24
161,2014,Wood wastes,Non-hazardous,0.0,0.0,26586.365210270757,2912.730160497042,129611.98942455744,52701.560787847244,471.5763465862962,41943.577216828045,6362.255933782241,59116.9070128029,60655.10747174228,27938.846913653637,1463.2049038978678,803.4253957580363,524275.94600000023,1080999.9092217768,670719.1699999996,2686562.572,213509.0,102030.0,2254783.846741104,80096.11,22441.191,0.0,2672860.1477411035
162,2014,Textile wastes,Hazardous,,,,,,,,,,,,,,,,,,,,,,,,,
163,2014,Textile wastes,Non-hazardous,0.0,0.0,1278.8510479500396,4373.130909012658,0.0,107.07597256605445,0.0,110.47550351906513,0.7445104919688162,45.637302867664296,23.39543834577355,159.6126639209579,11.399389307205,0.0,0.0,1724.059262018613,112970.603,120804.985,0.0,3545.0,90234.12202312768,0.0,3804.47,0.0,97583.59202312767
164,2014,Waste containing PCB,Hazardous,0.0,0.0,0.0,0.0,0.0,0.0,0.0,0.0,0.0,0.0,4406.578,0.0,0.0,0.0,0.0,0.0,0.0,4406.578,0.0,0.0,5216.424,0.0,6.72,0.0,5223.144
165,2014,Waste containing PCB,Non-hazardous,,,,,,,,,,,,,,,,,,,,,,,,,
166,2014,Discarded equipment,Hazardous,9.752555953921306,0.0,885.9261530867625,1506.7691497410972,34.29930751599121,2853.8980662069207,14.232324191833706,517.2396870196952,312.443173585289,870.945544955861,979.8330753622937,2485.886800529617,183.94758125537354,47.89444312900118,0.0,58837.22269342032,248281.85699999996,317822.14755595394,0.0,0.0,128663.15178802695,28.9,317.2200000000001,0.0,129009.27178802695
167,2014,Discarded equipment,Non-hazardous,0.0,0.0,881.0241639888742,1498.4319244324975,34.10952326487424,2838.1069337764275,14.15357417662883,514.3777065962349,310.71436918631247,866.1264462630945,974.4114823362372,2472.1319407680867,182.9297661307663,47.62943454194256,0.0,59995.41673453806,0.0,70629.56400000004,0.0,0.0,169546.31699999998,61.7,2113.5,0.0,171721.517
168,2014,Discarded vehicles,Hazardous,0.0,0.0,0.0,0.0,0.0,0.0,0.0,0.0,0.0,0.0,0.0,0.0,0.0,0.0,0.0,728556.0130000007,574.0,729130.0130000007,0.0,0.0,0.0,0.0,0.0,0.0,0.0
169,2014,Discarded vehicles,Non-hazardous,0.0,0.0,0.0,0.0,0.0,0.0,0.0,0.0,0.0,0.0,0.0,0.0,0.0,0.0,0.0,501530.5139999998,0.0,501530.5139999998,0.0,0.0,0.0,0.0,0.0,0.0,0.0
170,2014,Batteries & accumulators wastes,Hazardous,3362.683912820513,0.0,4.152829673518814,2.1199703052123886,1.60256519914927,0.5406991302916593,0.07035201447522851,56.12561497507041,0.6959412058825419,1.9011483174249768,218.34221715646785,4.6454353894997205,4.634733667539246,0.9386991063218068,0.0,85614.79579385914,8294.924999999997,97568.17491282051,0.0,0.0,91387.70758573864,0.0,0.0,0.0,91387.70758573864
171,2014,Batteries & accumulators wastes,Non-hazardous,0.0,0.0,2.5373053374891748,1.2952642881151817,0.9791389373382215,0.3303575867830657,0.042983834123844746,34.2917561377956,0.4252077438967536,1.1615679313603091,133.40322540146587,2.8382787004002914,2.8317401379295535,0.5735285191093568,0.0,2227.4066454441927,0.0,2408.117,0.0,0.0,787.0315944850975,0.0,155.26,0.0,942.2915944850974
172,2014,Animal & mixed food waste,Hazardous,,,,,,,,,,,,,,,,,,,,,,,,,
173,2014,Animal & mixed food waste,Non-hazardous,14109.143694488908,0.0,966590.606,0.0,0.0,0.0,0.0,0.0,0.0,0.0,0.0,0.0,0.0,0.0,0.0,889277.0420000001,308951.51299999986,2178928.3046944886,129568.0,233842.0,832871.9905632591,178.72,100536.832,0.0,1296997.5425632587
174,2014,Vegetal wastes,Hazardous,,,,,,,,,,,,,,,,,,,,,,,,,
175,2014,Vegetal wastes,Non-hazardous,0.0,0.0,394767.645,0.0,0.0,0.0,0.0,0.0,0.0,0.0,0.0,0.0,0.0,0.0,0.0,78240.959,3873868.2170000006,4346876.821000002,0.0,0.0,3519978.3401777623,16854.39,72178.439,0.0,3609011.1691777627
176,2014,"Animal faeces, urine & manure",Hazardous,,,,,,,,,,,,,,,,,,,,,,,,,
177,2014,"Animal faeces, urine & manure",Non-hazardous,0.0,0.0,0.0,0.0,0.0,0.0,0.0,0.0,0.0,0.0,0.0,0.0,0.0,0.0,0.0,0.0,0.0,0.0,377338.0,154691.0,13455.412,139.73,3006.054,0.0,548630.196
178,2014,Household & similar wastes,Hazardous,,,,,,,,,,,,,,,,,,,,,,,,,
179,2014,Household & similar wastes,Non-hazardous,776.9898305004301,0.0,449606.0300324315,42.030226313139465,29.5701296608744,149876.02195490187,13.457095351997685,449514.3530431269,43.425836099168016,299843.02387244743,150002.25930209164,96.18500061072693,39.93210851355872,2.6566058260188137,0.0,7445170.213056653,12370610.456999995,21315666.60509452,0.0,6016312.0,433978.6819455175,7122.459,5971854.623,0.0,12429267.763945514
180,2014,Mixed & undifferentiated materials,Hazardous,0.0,586.5410000000002,975.5004749804034,103.57483999068563,22.595219951046015,378.0683959526037,29.804587583359567,314.6710395456896,84.77463517711706,307.6552214324228,428.61853710085677,109.29774727062643,56.00883282469068,17.24370973599044,0.0,9497.519758454517,0.0,12911.874000000007,0.0,3944.0,14118.451,0.0,363.296,0.0,18425.747
181,2014,Mixed & undifferentiated materials,Non-hazardous,11711.257755073037,2354.222,63601.200015592956,599.5606413241687,130.79628764985864,98744.59344556385,172.52894281553722,651109.6030261882,491.58944659982683,3395.169765452118,2481.13156641832,632.6886670040406,324.2166894123086,99.81815727688291,0.0,54677.5707447024,2924546.356999998,3815072.3041510717,66568.0,0.0,177729.6248422234,5250.0,201735.293,0.0,451282.9178422234
182,2014,Sorting residues,Hazardous,0.0,0.0,0.0,0.0,0.0,0.0,0.0,0.0,0.0,0.0,0.0,0.0,0.0,0.0,0.0,0.0,0.0,0.0,0.0,0.0,2214.505,0.0,37901.5,0.0,40116.005
183,2014,Sorting residues,Non-hazardous,0.0,0.0,0.0,0.0,0.0,0.0,0.0,0.0,0.0,0.0,0.0,0.0,0.0,0.0,0.0,0.0,0.0,0.0,99337.0,26847.72,508107.589,50159.34,7590031.048999999,0.0,8274482.698
184,2014,Common sludges,Hazardous,,,,,,,,,,,,,,,,,,,,,,,,,
185,2014,Common sludges,Non-hazardous,0.0,0.0,36794.33182874689,0.2357396858930959,4.807422935275284,2854.2938189145643,1.2802046878193274,185.9082806908059,41.24358065467517,97.731630003165,143.36715825435334,15.527945911574768,49.4054432286244,924931.0,0.0,260027.70526542896,0.0,1225146.8383191426,22054.43,125979.0,760833.0,5106.936,5629.19,0.0,919602.5559999999
186,2014,Mineral waste from construction & demolition,Hazardous,0.0,0.0,0.0,0.0,0.0,0.0,0.0,0.0,0.0,0.0,0.0,0.0,0.0,0.0,359721.37921002,0.0,0.0,359721.37921002,0.0,0.0,115588.27872483456,1742.0,17204.97,0.0,134535.24872483453
187,2014,Mineral waste from construction & demolition,Non-hazardous,0.0,0.0,0.0,0.0,0.0,0.0,0.0,0.0,0.0,0.0,0.0,0.0,0.0,0.0,53324876.00128996,0.0,0.0,53324876.00128996,0.0,0.0,48182676.978,1116051.689,2113291.374,0.0,51412020.041
188,2014,Other mineral wastes,Hazardous,19919.322467907656,6.12,970.7931437952185,0.08855185185664081,7.563005316419327,0.8155043909402818,14.845835907860167,1229.0587971266816,2517.244132183125,3530.0312142643843,55.719338825379666,6.682643578088518,157.1068938873475,102.61956029330229,0.0,1865.6123785793961,0.0,30383.623467907655,0.0,0.0,561.2099999999999,0.0,209285.19600000003,0.0,209846.406
189,2014,Other mineral wastes,Non-hazardous,0.0,11640739.15294118,11552.417087662205,0.24028452799944605,20.52213617909602,2.212862673677288,40.284021159179055,170329.70024888113,55091.40881265792,103063.13762335824,151.1938457455705,18.13328376857778,426.3079207456385,278.45710836749316,0.0,5062.319764273298,0.0,11986775.48794118,0.0,0.0,13700.259000000002,74260.909,482038.325,11640732.352941178,12210731.84594118
190,2014,Combustion wastes,Hazardous,0.0,0.0,0.0,0.0,0.0,0.0,0.0,0.0,255.22,12818.549,0.0,0.0,16121.645,0.0,0.0,0.0,0.0,29195.414,0.0,0.0,684.977,0.0,16180.75,0.0,16865.727
191,2014,Combustion wastes,Non-hazardous,0.0,0.0,0.0,0.0,0.0,0.0,0.0,0.0,971.08,175028.723,0.0,0.0,1597133.495,0.0,0.0,0.0,0.0,1773133.2980000002,0.0,0.0,12174.891000000001,241514.64899999998,1697920.648,0.0,1951610.188
192,2014,Soils,Hazardous,0.0,0.0,0.0,0.0,0.0,0.0,326.983,0.0,0.0,0.0,0.0,0.0,0.0,0.0,259871.0523096219,0.0,0.0,260198.03530962192,0.0,0.0,44619.7061935516,808.5,193816.609,0.0,239244.8151935516
193,2014,Soils,Non-hazardous,0.0,0.0,0.0,0.0,0.0,0.0,0.0,0.0,0.0,0.0,0.0,0.0,0.0,0.0,49848582.91482581,282529.167,0.0,50131112.08182581,0.0,1180.36,10223537.885235297,17468514.571000002,19447725.16,0.0,47140957.9762353
194,2014,Dredging spoils,Hazardous,0.0,0.0,0.0,0.0,0.0,0.0,0.0,0.0,0.0,0.0,0.0,0.0,0.0,0.0,0.0,0.0,0.0,0.0,0.0,0.0,0.0,463.216,858.53,0.0,1321.746
195,2014,Dredging spoils,Non-hazardous,0.0,0.0,0.0,0.0,0.0,0.0,0.0,0.0,0.0,0.0,0.0,0.0,0.0,0.0,10447101.8,0.0,0.0,10447101.8,0.0,0.0,720.2254,459.024,164064.662,10447101.8,10612345.7114
196,2014,Mineral waste from waste treatment & stabilised waste,Hazardous,0.0,0.0,0.0,0.0,0.0,0.0,0.0,0.0,0.0,0.0,0.0,0.0,0.0,0.0,0.0,0.0,0.0,0.0,0.0,0.0,0.0,0.0,296580.0,0.0,296580.0
197,2014,Mineral waste from waste treatment & stabilised waste,Non-hazardous,0.0,0.0,0.0,0.0,0.0,0.0,0.0,0.0,0.0,0.0,0.0,0.0,0.0,0.0,0.0,0.0,0.0,0.0,95968.24,387952.0,4615.88,63660.74000000001,1815636.0,0.0,2367832.86
198,2016,Spent solvents,Hazardous,0.0,0.0,26.32632636735909,17.55477424134557,31.364392212649218,1333.0353702998896,35.339284468440795,57676.3505695415,18.363177202802753,650.4316852486218,683.7580748039649,157.6262519569391,3.8678191183196433,0.8673462572635958,0.0,2011.4519282809326,0.0,62646.33700000002,0.0,25115.0,2.0,0.0,7602.0,0.0,32719.0
199,2016,Spent solvents,Non-hazardous,,,,,,,,,,,,,,,,,,,,,,,,,
200,2016,"Acid, alkaline or saline wastes",Hazardous,0.0,0.0,2693.5130602040717,1.6572578250357792,14.356549605638534,5973.871676545045,1061.1185898277595,40797.61895385148,2112.468425497191,14624.657180196327,3804.0478002895507,867.0465300512379,52.20511747402048,113.45747799744943,0.0,7124.506380635174,0.0,79240.52499999998,0.0,0.0,1339.4060000000004,0.0,1538.66,0.0,2878.0660000000007
201,2016,"Acid, alkaline or saline wastes",Non-hazardous,0.0,0.0,1277.8923859679176,0.786258358085897,6.811225718885586,2834.703866688485,148.92908444929319,19355.750449859443,1002.2254417195846,6839.572908851112,1804.7670871437035,411.3557774798516,12.876176465132106,53.8280097491261,0.0,3380.1033275493946,0.0,37129.60200000001,0.0,0.0,1294.652,0.0,31054.03,0.0,32348.682
202,2016,Used oils,Hazardous,20514.247720612195,423.36999999999995,5121.839951572383,64.97034346403473,74.1031575611289,3262.030188390491,3602.264495148645,43781.10005305836,16634.869093631853,20231.02147288376,7953.1849620201065,3429.7305589253992,27101.990314589082,23.9626852751486,0.0,64661.18772347961,5061.164000000002,221941.03672061217,0.0,3146.0,10796.934,0.0,239.6,0.0,14182.534
203,2016,Used oils,Non-hazardous,,,,,,,,,,,,,,,,,,,,,,,,,
204,2016,Chemical wastes,Hazardous,109003.30424857176,295.759,492.0549708789041,1588.283041544045,416.34791931386286,23322.409486444703,4017.453666624473,545323.2681826359,3218.652749215458,62656.45058176785,7844.652639995074,1827.0549266110959,721.8907430777319,8.968512665143868,0.0,64477.85257922599,3180.768999999997,828395.172248572,23500.0,0.0,7837.648999999998,0.0,2776.9710000000005,0.0,34114.619999999995
205,2016,Chemical wastes,Non-hazardous,0.0,18.759,118.1763195035537,3397.425441242885,98.30155523568735,5506.52235308223,946.2631101408418,27343.718432169015,759.9379181068608,15068.790303915668,1852.1566195553225,431.3756174952866,170.4415453107903,2.1175048612888485,0.0,16505.959279380575,4783.874000000002,77003.819,0.0,0.0,4907.580999999999,0.0,68476.906,0.0,73384.487
206,2016,Industrial effluent sludges,Hazardous,0.0,538.95861,5598.814991443422,91.5680720319587,1.721820034048772,6541.912168823754,269.6253745398601,2389.364930242673,522.7778779515634,2238.3474990679433,248.73906182416286,17.26872278285623,361.65471792143404,1001.5412833398336,0.0,960.8997899964647,0.0,20783.194919999973,0.0,91765.0,11.7504,0.0,7293.415,0.0,99070.1654
207,2016,Industrial effluent sludges,Non-hazardous,0.0,14.57298,43024.73256671021,2175.7312581464903,13.231522492914813,56495.51372359964,868.2814051504782,17781.979454138484,2310.922209390603,14527.25346376153,1911.4636990567813,132.7034704015997,5512.013725542111,7696.4582569832055,0.0,7384.144064625982,0.0,159849.0018,0.0,0.0,8463.229319999997,159.03,46108.10900000001,0.0,54730.36832000001
208,2016,Sludges & liquid wastes from waste treatment,Hazardous,0.0,0.0,0.0,0.0,0.0,0.0,0.0,0.0,0.0,0.0,0.0,0.0,0.0,0.0,0.0,0.0,0.0,0.0,2415.0,78680.0,5.4,0.0,21614.57,0.0,102714.97
209,2016,Sludges & liquid wastes from waste treatment,Non-hazardous,0.0,0.0,0.0,0.0,0.0,0.0,0.0,0.0,0.0,0.0,0.0,0.0,0.0,0.0,0.0,0.0,0.0,0.0,0.0,0.0,1268.46,398.52,420057.49299999984,0.0,421724.4729999998
210,2016,Health care & biological wastes,Hazardous,20.663161723704754,1.011,0.0,0.0,0.0,0.0,0.0,0.0,0.0,0.0,0.0,0.0,0.0,0.0,0.0,116796.19,0.0,116817.86416172369,0.0,88448.0,29.0,0.0,0.0,0.0,88477.0
211,2016,Health care & biological wastes,Non-hazardous,984.7358779369008,0.0,0.0,0.0,0.0,0.0,0.0,0.0,0.0,0.0,0.0,0.0,0.0,0.0,0.0,137497.47299999994,0.0,138482.20887793688,7852.0,294.0,352.0,0.0,118319.51000000002,0.0,126817.51000000002
212,2016,"Metallic wastes, ferrous",Hazardous,,,,,,,,,,,,,,,,,,,,,,,,,
213,2016,"Metallic wastes, ferrous",Non-hazardous,0.0,0.0,0.0,0.0,0.0,0.0,0.0,0.0,372.9,236694.785,0.0,0.0,0.0,0.0,986955.9140000005,527195.323,9862.932,1761081.8540000003,0.0,0.0,7609804.018999993,38205.0,135333.029,0.0,7783342.047999992
214,2016,"Metallic wastes, non-ferrous",Hazardous,,,,,,,,,,,,,,,,,,,,,,,,,
215,2016,"Metallic wastes, non-ferrous",Non-hazardous,0.0,0.0,0.0,0.0,0.0,0.0,0.0,0.0,0.0,61683.275,0.0,0.0,0.0,0.0,272740.55800000037,91430.823,2712.635,428567.2910000003,0.0,0.0,1595845.3600000013,0.0,221.06000000000003,0.0,1596066.4200000013
216,2016,"Metallic wastes, mixed",Hazardous,,,,,,,,,,,,,,,,,,,,,,,,,
217,2016,"Metallic wastes, mixed",Non-hazardous,4578.291832213587,1509.997,881.1505185181695,104.31006646025476,157.61069066015716,1191.1185863287615,219.75700497174824,1950.062935680676,300.8058537361058,19080.96137380585,14154.988015488412,1375.9287515360975,796.1696398185954,22.63537890162149,605085.6480000003,2393688.2597370357,305208.18799999985,3350305.8833851563,0.0,0.0,4259404.831000009,25.0,544.2800000000001,0.0,4259974.111000009
218,2016,Glass wastes,Hazardous,0.0,0.0,0.0,0.0,0.0,0.0,0.0,0.0,243.732,0.0,0.0,0.0,0.0,0.0,0.0,0.0,0.0,243.732,0.0,0.0,0.0,0.0,241.3,0.0,241.3
219,2016,Glass wastes,Non-hazardous,0.0,0.0,3524.2455483115086,41.81000767903385,105.71232384058253,102.52312314654337,0.08782075845061721,1671.5615217174707,12248.691296443776,49.55844289298873,223.21806469390245,55.07691294093956,4.102990752409062,0.0,119961.78199999985,426981.2116809864,446512.45400000014,1011482.0357341641,0.0,0.0,1312009.1028181815,326.0,70772.681,0.0,1383107.7838181818
220,2016,Paper & cardboard wastes,Hazardous,,,,,,,,,,,,,,,,,,,,,,,,,
221,2016,Paper & cardboard wastes,Non-hazardous,5638.2746463389285,0.0,65399.07305993869,6182.5050123051915,2086.340265540195,965280.9659540721,531.6898954687633,44443.6969460584,6873.184913886927,13839.353528893096,46565.84766678375,32816.323106197386,1793.3534756067857,716.6711849215901,0.0,3857776.286416472,893401.0020000002,5943344.568072484,18919.0,0.0,3805298.605,0.0,2013.782,0.0,3826231.387
222,2016,Rubber wastes,Hazardous,,,,,,,,,,,,,,,,,,,,,,,,,
223,2016,Rubber wastes,Non-hazardous,11738.348954414208,0.0,0.0,0.0,0.0,0.0,0.0,0.0,0.0,0.0,0.0,0.0,0.0,0.0,0.0,185332.395,6410.106999999994,203480.85095441423,0.0,111003.0,10621.347000000003,3586.0,4515.78,0.0,129726.127
224,2016,Plastic wastes,Hazardous,,,,,,,,,,,,,,,,,,,,,,,,,
225,2016,Plastic wastes,Non-hazardous,82265.70114326103,0.0,49258.24172994378,5536.47701549853,3432.191108525819,19667.893580423683,7358.093957210202,123708.65995424477,3764.4696379933825,10824.594384459238,32857.940537647075,27545.428257086,1015.7270721515256,3541.5857570193634,21804.269999999997,713516.8685088556,81180.37300000004,1187278.5156443205,0.0,2348.0,512941.9685492958,4.0,47341.37500000001,0.0,562635.3435492958
226,2016,Wood wastes,Hazardous,0.0,0.0,0.1258380901891753,0.013786480315547623,0.6134770618627109,0.24912750591054725,0.0022320564079922915,0.1985265609241247,0.030113711658960245,0.2798110466604255,0.2870916285131967,0.13223963147635193,0.006925614284077171,0.0038027581661526414,0.0,2.4820278536307376,0.0,4.425,0.0,0.0,0.0,0.0,0.0,0.0,0.0
227,2016,Wood wastes,Non-hazardous,0.0,0.0,25777.40311775431,2824.1024647990553,125668.19397336115,51150.32099825073,457.22736036352615,40667.330399160695,6168.667083534698,57318.11517262681,58809.51172091002,27088.731906092,1418.6829359087924,778.979004376856,497403.684,1163151.9613796966,708967.7829999996,2767650.694516835,0.0,643845.0,2273464.939,137073.0,27267.53,0.0,3081650.4689999996
228,2016,Textile wastes,Hazardous,,,,,,,,,,,,,,,,,,,,,,,,,
229,2016,Textile wastes,Non-hazardous,0.0,0.0,1142.6737985410045,3345.05497160308,0.0,95.67408847234707,0.0,98.71162357353123,0.6652319934173248,40.777657653370056,20.904197127530765,142.61645972779067,10.185536072861337,0.0,0.0,1540.4744352350665,119379.22199999994,125816.95999999995,0.0,0.0,96332.59700000004,413.0,1053.88,0.0,97799.47700000004
230,2016,Waste containing PCB,Hazardous,0.0,0.0,0.0,0.0,0.0,0.0,0.0,0.0,0.0,0.0,269.041,0.0,0.0,0.0,0.0,0.0,0.0,269.041,0.0,0.0,34.03500000000001,0.0,0.0,0.0,34.03500000000001
231,2016,Waste containing PCB,Non-hazardous,,,,,,,,,,,,,,,,,,,,,,,,,
232,2016,Discarded equipment,Hazardous,0.003424263196198386,0.0,1445.2459145508358,2458.0513288236693,55.95379918144757,4655.675313748353,23.217745995129533,843.7932912401086,509.70074489855773,1420.8074637575767,1598.4399423982825,4055.3241711890496,300.0808694658783,78.13207457608195,0.0,95983.45801724592,283084.7960000001,396512.68010133423,0.0,0.0,169579.9440000001,0.0,14.85,0.0,169594.7940000001
233,2016,Discarded equipment,Non-hazardous,0.0,0.0,706.592184013984,1201.7607795084336,27.35625596269985,2276.196566190484,11.351340062897966,412.53722879333844,249.1967345525116,694.6440316988161,781.4899585897853,1982.6801336405915,146.71191580749627,38.199390609185706,0.0,66808.68464599275,0.0,75337.40116542298,0.0,0.0,227981.606,0.0,1741.5820000000006,0.0,229723.188
234,2016,Discarded vehicles,Hazardous,0.0,0.0,0.0,0.0,0.0,0.0,0.0,0.0,0.0,0.0,0.0,0.0,0.0,0.0,0.0,852982.0999999989,0.0,852982.0999999989,0.0,0.0,0.0,0.0,0.0,0.0,0.0
235,2016,Discarded vehicles,Non-hazardous,0.0,0.0,0.0,0.0,0.0,0.0,0.0,0.0,0.0,0.0,0.0,0.0,0.0,0.0,0.0,463911.647221913,606.8899999999996,464518.537221913,0.0,0.0,0.0,0.0,0.0,0.0,0.0
236,2016,Batteries & accumulators wastes,Hazardous,3488.2261179487177,0.0,1.2712379501981848,0.6489518995840917,0.4905671214536592,0.1655153974767986,0.02153571364703296,17.180818223653503,0.21303711964544356,0.5819674968798372,66.83753835358394,1.4220312959095835,1.41875535247868,0.2873486325198297,0.0,89435.85621749198,7930.300000000007,100944.92163999773,0.0,0.0,90190.28900000014,0.0,28.0,0.0,90218.28900000014
237,2016,Batteries & accumulators wastes,Non-hazardous,0.0,0.0,7.528005669877458,3.842957629439219,2.90503604866648,0.9801476194626748,0.12752999893878794,101.74121766946459,1.261561334237417,3.4462899849023576,395.7979445217088,8.420972373175001,8.401572920288785,1.7016185950895948,0.0,6608.558145634748,1095.3290000000004,8240.041999999998,0.0,0.0,638.126,0.0,0.0,0.0,638.126
238,2016,Animal & mixed food waste,Hazardous,,,,,,,,,,,,,,,,,,,,,,,,,
239,2016,Animal & mixed food waste,Non-hazardous,13121.539412923632,0.0,1241161.773,0.0,0.0,0.0,0.0,0.0,0.0,0.0,0.0,0.0,0.0,0.0,0.0,742717.0003354242,363043.67599999974,2360043.9887483483,29775.0,434314.0,805311.2829999998,213.0,171423.43999999994,0.0,1441036.7229999998
240,2016,Vegetal wastes,Hazardous,,,,,,,,,,,,,,,,,,,,,,,,,
241,2016,Vegetal wastes,Non-hazardous,0.0,0.0,644019.3979999999,0.0,0.0,0.0,0.0,0.0,0.0,0.0,0.0,0.0,0.0,0.0,0.0,90980.3400000001,3711589.058999999,4446588.796999999,1698.0,46579.0,3390921.140999995,22772.0,84918.60199999998,0.0,3546888.742999995
242,2016,"Animal faeces, urine & manure",Hazardous,,,,,,,,,,,,,,,,,,,,,,,,,
243,2016,"Animal faeces, urine & manure",Non-hazardous,0.0,0.0,0.0,0.0,0.0,0.0,0.0,0.0,0.0,0.0,0.0,0.0,0.0,0.0,0.0,0.0,0.0,0.0,0.0,517281.0,13628.386,96.0,3134.4600000000014,0.0,534139.846
244,2016,Household & similar wastes,Hazardous,,,,,,,,,,,,,,,,,,,,,,,,,
245,2016,Household & similar wastes,Non-hazardous,778.575964493863,0.0,592932.211397847,203.97842416786926,143.50787468348972,197679.71809970183,65.30912023471828,592487.2904575815,210.75150891850663,395800.9743741605,198292.3651732404,466.79893434283366,193.79597215610733,12.892870620996225,0.0,9426313.895161139,12719432.819000002,24125014.88433329,5407157.0,2082604.0,373648.242,235.0,4002089.569999995,0.0,11865733.811999995
246,2016,Mixed & undifferentiated materials,Hazardous,0.0,203.559,1764.8633492469116,187.38631470922303,40.87899143316644,683.9966485292832,53.92208985479742,569.2989383472822,153.37321755058858,556.6060073127421,775.4513363536045,197.74012751460242,101.33048503987624,31.197105586968604,0.0,17116.894388520956,0.0,22436.498,417.0,9168.0,1228.816,0.0,737.4439999999998,0.0,11551.26
247,2016,Mixed & undifferentiated materials,Non-hazardous,12062.520862044597,2096.438,104652.95592757642,1209.086407515509,129.55407027958884,68807.21837997835,170.89037605274444,69607.69635696211,486.27279162043493,2273.091804846929,2457.5674058055943,626.6798049312179,324.1374919017685,98.87014987494808,0.0,54158.279032654355,3096643.634999999,3415804.893862044,0.0,55743.0,165872.90600000002,3969.0,177837.8929999999,0.0,403422.79899999994
248,2016,Sorting residues,Hazardous,0.0,0.0,0.0,0.0,0.0,0.0,0.0,0.0,0.0,0.0,0.0,0.0,0.0,0.0,0.0,0.0,0.0,0.0,0.0,3698.0,780.8,0.0,83963.25700000001,0.0,88442.05700000002
249,2016,Sorting residues,Non-hazardous,0.0,0.0,0.0,0.0,0.0,0.0,0.0,0.0,0.0,0.0,0.0,0.0,0.0,0.0,0.0,0.0,0.0,0.0,717904.0,1112319.0,544446.9039999997,127559.0,8106508.58800001,0.0,10608737.49200001
250,2016,Common sludges,Hazardous,,,,,,,,,,,,,,,,,,,,,,,,,
251,2016,Common sludges,Non-hazardous,0.0,0.0,44309.92955395802,0.3510318467858837,7.158567912980835,2239.861640242572,1.9463087071090623,276.82961762015856,61.41439541850674,145.5288041104938,213.4830974250637,23.122129434766677,73.5679438619591,933235.0,0.0,302904.2279519664,0.0,1283492.421042505,0.0,123118.0,767284.4,21415.8,30247.0,0.0,942065.2
252,2016,Mineral waste from construction & demolition,Hazardous,0.0,0.0,0.0,0.0,0.0,0.0,0.0,0.0,0.0,0.0,0.0,0.0,0.0,0.0,448081.48912006756,0.0,0.0,448081.48912006756,0.0,0.0,187552.76384132067,377.0,9468.400000000003,0.0,197398.16384132058
253,2016,Mineral waste from construction & demolition,Non-hazardous,0.0,0.0,0.0,0.0,0.0,0.0,0.0,0.0,0.0,0.0,0.0,0.0,0.0,0.0,57145696.89025899,0.0,0.0,57145696.89025899,0.0,0.0,52297495.212,501823.941,2197412.8610000014,0.0,54996732.014
254,2016,Other mineral wastes,Hazardous,19872.410206797536,10.001,917.2845274946063,0.08367101076913397,7.146144163101235,0.7705550504703897,14.027556398643622,1161.3149775429945,2330.2465444899376,1433.5070980539779,52.648175065327436,6.314306601896278,148.4474049355257,96.96332887905349,0.0,1762.782710313697,0.0,27813.948206797533,0.0,0.0,16073.580000000005,0.0,218888.67800000025,0.0,234962.25800000023
255,2016,Other mineral wastes,Non-hazardous,0.0,11496857.647058824,9881.234627230366,0.28844634311252554,24.635523489598757,2.6564013561201545,48.35841361063244,204557.12799423735,54904.737388671776,80747.47702830724,181.49862693835044,21.7678576112068,511.75563321857857,334.2701059074299,0.0,6076.993953078249,0.0,11854150.449058825,0.0,304.0,31522.426,89204.0,553344.5040000001,11496858.0,12171232.93
256,2016,Combustion wastes,Hazardous,0.0,0.0,0.0,0.0,0.0,0.0,0.0,0.0,3433.45,974.2169999999999,0.0,0.0,18407.644,0.0,0.0,0.0,0.0,22815.311,0.0,0.0,1032.498,0.0,10035.99,0.0,11068.488
257,2016,Combustion wastes,Non-hazardous,0.0,0.0,0.0,0.0,0.0,0.0,0.0,0.0,1152.774,482713.33700000006,0.0,0.0,371714.9140000001,0.0,0.0,0.0,0.0,855581.0250000001,0.0,0.0,344320.8800000001,66823.0,422213.89600000007,0.0,833357.7760000003
258,2016,Soils,Hazardous,0.0,0.0,0.0,0.0,0.0,0.0,51.57,0.0,0.0,0.0,0.0,0.0,0.0,0.0,235779.89560766585,0.0,0.0,235831.46560766586,0.0,0.0,73877.9275065503,0.0,149302.66500000015,0.0,223180.59250655046
259,2016,Soils,Non-hazardous,0.0,0.0,0.0,0.0,0.0,0.0,0.0,0.0,0.0,0.0,0.0,0.0,0.0,0.0,51242035.97441106,329259.41,0.0,51571295.38441105,0.0,0.0,11172862.747382354,12001271.0,25724491.00499995,0.0,48898624.75238231
260,2016,Dredging spoils,Hazardous,0.0,0.0,0.0,0.0,0.0,0.0,0.0,0.0,0.0,0.0,0.0,0.0,0.0,0.0,0.0,0.0,0.0,0.0,0.0,0.0,52.2297,0.0,1674.4,0.0,1726.6297000000004
261,2016,Dredging spoils,Non-hazardous,0.0,0.0,0.0,0.0,0.0,0.0,0.0,0.0,0.0,0.0,0.0,0.0,0.0,0.0,8722261.0,0.0,0.0,8722261.0,0.0,0.0,3522.852,148980.536,57461.67300000001,8722261.0,8932226.061
262,2016,Mineral waste from waste treatment & stabilised waste,Hazardous,0.0,0.0,0.0,0.0,0.0,0.0,0.0,0.0,0.0,0.0,0.0,0.0,0.0,0.0,0.0,0.0,0.0,0.0,0.0,0.0,44.683,0.0,278761.659,0.0,278806.342
263,2016,Mineral waste from waste treatment & stabilised waste,Non-hazardous,0.0,0.0,0.0,0.0,0.0,0.0,0.0,0.0,0.0,0.0,0.0,0.0,0.0,0.0,0.0,0.0,0.0,0.0,0.0,0.0,204292.929,100621.0,1413822.7049999996,0.0,1718736.6339999996
